date,precipitation_mm
2015-01-01,0.0
2015-01-02,0.0
2015-01-03,0.4550838025853743
2015-01-04,0.5850422416965061
2015-01-05,0.0
2015-01-06,0.0
2015-01-07,0.0
2015-01-08,0.0
2015-01-09,0.27268781329458935
2015-01-10,0.18074471168068412
2015-01-11,0.0
2015-01-12,0.0
2015-01-13,0.0
2015-01-14,0.0
2015-01-15,0.0
2015-01-16,0.00037229930872390216
2015-01-17,5.378083993605332
2015-01-18,5.331819337239222
2015-01-19,0.0
2015-01-20,1.5685474715804897
2015-01-21,0.0777060322022995
2015-01-22,0.38604517553850154
2015-01-23,8.660582107810235
2015-01-24,17.415176012497906
2015-01-25,0.8928183311771324
2015-01-26,0.011437509844275813
2015-01-27,9.98095435841298
2015-01-28,1.0427916498096472
2015-01-29,0.0
2015-01-30,0.0
2015-01-31,0.4168392459445849
2015-02-01,2.1153369201530197
2015-02-02,0.1047101149157272
2015-02-03,0.0
2015-02-04,0.0
2015-02-05,0.0
2015-02-06,0.004344878346937459
2015-02-07,1.7068281593629702
2015-02-08,12.673915095282501
2015-02-09,20.9585922573313
2015-02-10,0.0
2015-02-11,0.20412610194948005
2015-02-12,0.0
2015-02-13,0.0
2015-02-14,12.38037693639913
2015-02-15,3.262363445533601
2015-02-16,0.0025439397802331136
2015-02-17,0.0
2015-02-18,2.5867943232293333
2015-02-19,3.1461128483765926
2015-02-20,14.007327897765819
2015-02-21,4.495183592462159
2015-02-22,0.2714524065480861
2015-02-23,0.0
2015-02-24,0.11073529923088121
2015-02-25,10.605534791626674
2015-02-26,0.500890970583498
2015-02-27,0.0
2015-02-28,0.0
2015-03-01,7.4666052889919845
2015-03-02,1.2948754177910689
2015-03-03,6.746306161898668
2015-03-04,0.030316177661022386
2015-03-05,1.6189256490147748
2015-03-06,2.946256453145647
2015-03-07,0.39776480184724283
2015-03-08,0.0
2015-03-09,0.0
2015-03-10,0.0
2015-03-11,0.0
2015-03-12,0.0
2015-03-13,0.0
2015-03-14,0.0
2015-03-15,0.0
2015-03-16,0.0
2015-03-17,0.30322165021704967
2015-03-18,12.979924609323803
2015-03-19,0.8473853346707048
2015-03-20,25.996304839256968
2015-03-21,2.0974614730322303
2015-03-22,28.97343346647575
2015-03-23,0.0
2015-03-24,0.15601868025093102
2015-03-25,1.750272346704626
2015-03-26,5.328185040387082
2015-03-27,2.4855636356550224
2015-03-28,0.22803142525528614
2015-03-29,46.646403717618284
2015-03-30,0.12719779448422494
2015-03-31,0.0
2015-04-01,0.0
2015-04-02,12.258895290443999
2015-04-03,0.0
2015-04-04,0.0
2015-04-05,4.855105346554441
2015-04-06,0.08389562443419377
2015-04-07,0.08008804045977111
2015-04-08,0.0
2015-04-09,0.0
2015-04-10,0.0
2015-04-11,0.0
2015-04-12,0.0
2015-04-13,0.0
2015-04-14,0.0
2015-04-15,0.09513749522753127
2015-04-16,24.850442500332434
2015-04-17,2.3834192388055406
2015-04-18,17.353240577298905
2015-04-19,4.654809195055803
2015-04-20,0.38892303756065144
2015-04-21,11.961806919076453
2015-04-22,0.0
2015-04-23,0.0
2015-04-24,0.0
2015-04-25,0.04420102631274726
2015-04-26,0.08263078680644946
2015-04-27,0.0
2015-04-28,0.0
2015-04-29,0.0
2015-04-30,0.0
2015-05-01,2.6535444945343083
2015-05-02,0.908960288046018
2015-05-03,4.914253184451128
2015-05-04,13.52637724329707
2015-05-05,11.093223860282729
2015-05-06,2.1661743590279956
2015-05-07,0.0
2015-05-08,0.0
2015-05-09,0.0
2015-05-10,0.0
2015-05-11,0.5149221415239578
2015-05-12,0.391834896166089
2015-05-13,0.0
2015-05-14,0.0
2015-05-15,11.593927273466354
2015-05-16,0.0
2015-05-17,0.0
2015-05-18,0.0
2015-05-19,0.0
2015-05-20,0.0
2015-05-21,0.0
2015-05-22,0.0
2015-05-23,0.0
2015-05-24,0.0
2015-05-25,3.9543630157591676
2015-05-26,1.013959912028904
2015-05-27,0.0
2015-05-28,0.0
2015-05-29,0.13396357258154362
2015-05-30,0.0
2015-05-31,0.3402904921401695
2015-06-01,0.0
2015-06-02,0.0
2015-06-03,0.0
2015-06-04,0.5178301916137469
2015-06-05,3.8714363983966904
2015-06-06,0.19528388927687593
2015-06-07,0.03937711452727087
2015-06-08,0.3487552194694288
2015-06-09,0.0
2015-06-10,23.97282759934553
2015-06-11,2.7853211620158396
2015-06-12,2.7639590436855856
2015-06-13,1.1838158182353689
2015-06-14,0.0
2015-06-15,0.0
2015-06-16,27.282569152636906
2015-06-17,2.761065043974065
2015-06-18,0.0
2015-06-19,4.251463735759633
2015-06-20,0.0
2015-06-21,0.0
2015-06-22,0.0
2015-06-23,0.0
2015-06-24,1.3350182395092116
2015-06-25,5.1875354838063314
2015-06-26,4.0674519475604765
2015-06-27,2.042950869823819
2015-06-28,0.08124823743359183
2015-06-29,0.0
2015-06-30,0.0
2015-07-01,0.0
2015-07-02,3.7316906159197236
2015-07-03,0.0
2015-07-04,0.0
2015-07-05,0.0
2015-07-06,0.0
2015-07-07,0.0
2015-07-08,0.11135216354776868
2015-07-09,0.0
2015-07-10,1.1413138739303132
2015-07-11,0.45578566832286965
2015-07-12,6.151421511271135
2015-07-13,0.0
2015-07-14,0.0
2015-07-15,0.0
2015-07-16,3.3136771951644954
2015-07-17,0.0
2015-07-18,0.02226433099792881
2015-07-19,0.0
2015-07-20,0.0
2015-07-21,0.0
2015-07-22,3.939062245797542
2015-07-23,0.31785987859119724
2015-07-24,0.0
2015-07-25,0.0
2015-07-26,0.0
2015-07-27,0.0
2015-07-28,0.0
2015-07-29,6.19138144282255
2015-07-30,7.784983124757762
2015-07-31,0.0
2015-08-01,0.0
2015-08-02,2.2521094588496546
2015-08-03,0.0
2015-08-04,0.0
2015-08-05,0.0
2015-08-06,0.0
2015-08-07,0.0
2015-08-08,0.0
2015-08-09,3.0599435600586986
2015-08-10,0.0074982215574936895
2015-08-11,0.0
2015-08-12,0.0
2015-08-13,0.0
2015-08-14,0.0
2015-08-15,4.316546309323288
2015-08-16,3.8088036386152724
2015-08-17,0.0
2015-08-18,0.0
2015-08-19,0.0
2015-08-20,0.2671306897333851
2015-08-21,0.0
2015-08-22,0.0
2015-08-23,0.0
2015-08-24,1.2627227487775676
2015-08-25,0.23910120200334495
2015-08-26,0.0
2015-08-27,0.0
2015-08-28,7.7123987894323225
2015-08-29,1.5547097440388913
2015-08-30,0.0
2015-08-31,0.0
2015-09-01,0.0
2015-09-02,3.5740305474681633
2015-09-03,0.0
2015-09-04,0.0
2015-09-05,0.0
2015-09-06,7.11148869652211
2015-09-07,0.0
2015-09-08,0.0
2015-09-09,0.0
2015-09-10,0.0
2015-09-11,0.2296715711864632
2015-09-12,0.0
2015-09-13,0.0
2015-09-14,1.2572183845278946
2015-09-15,0.0
2015-09-16,0.0
2015-09-17,0.0
2015-09-18,0.020656636133560377
2015-09-19,2.066103684375743
2015-09-20,0.0608238036179911
2015-09-21,0.06426889604757363
2015-09-22,0.0
2015-09-23,0.0
2015-09-24,2.7543870935753523
2015-09-25,0.39921388154231446
2015-09-26,0.7270168166854697
2015-09-27,0.0
2015-09-28,0.0
2015-09-29,0.0
2015-09-30,3.0048032705972836
2015-10-01,2.987579819533616
2015-10-02,0.0
2015-10-03,0.0
2015-10-04,0.0
2015-10-05,0.0
2015-10-06,0.0
2015-10-07,0.0
2015-10-08,0.02978757210676242
2015-10-09,0.0
2015-10-10,0.1724556308632623
2015-10-11,0.0
2015-10-12,5.11648492041474
2015-10-13,1.2243180499902442
2015-10-14,8.72216190983401
2015-10-15,1.547956084222302
2015-10-16,0.3418893814760048
2015-10-17,0.0
2015-10-18,0.12469244539559601
2015-10-19,0.0
2015-10-20,0.0
2015-10-21,0.030471377054910095
2015-10-22,0.0
2015-10-23,0.0
2015-10-24,1.7652539234342217
2015-10-25,0.1639485671301857
2015-10-26,0.0
2015-10-27,0.3126446612736193
2015-10-28,0.0
2015-10-29,16.692519266975655
2015-10-30,6.673333901577947
2015-10-31,8.156701126353973
2015-11-01,1.5643780090398087
2015-11-02,0.4852231540834304
2015-11-03,0.6229123652936364
2015-11-04,0.534907811227031
2015-11-05,9.88040103694819
2015-11-06,17.137654633308088
2015-11-07,21.774666319061048
2015-11-08,0.6997324224724739
2015-11-09,0.0
2015-11-10,0.0
2015-11-11,0.0
2015-11-12,0.0
2015-11-13,0.0
2015-11-14,0.0
2015-11-15,0.0
2015-11-16,0.0
2015-11-17,0.5240905095001609
2015-11-18,0.571008468272784
2015-11-19,0.0
2015-11-20,0.0
2015-11-21,0.751180287599816
2015-11-22,3.203940746192581
2015-11-23,3.3765135522231247
2015-11-24,2.581263101036693
2015-11-25,0.0
2015-11-26,0.21670920987456016
2015-11-27,0.0
2015-11-28,0.0
2015-11-29,0.0
2015-11-30,0.0
2015-12-01,0.0
2015-12-02,0.0
2015-12-03,0.0
2015-12-04,0.0
2015-12-05,0.0
2015-12-06,0.0
2015-12-07,0.0
2015-12-08,0.0
2015-12-09,0.0
2015-12-10,0.0
2015-12-11,0.0
2015-12-12,0.0
2015-12-13,0.0
2015-12-14,0.0
2015-12-15,37.39188897790054
2015-12-16,0.0
2015-12-17,0.0
2015-12-18,0.0
2015-12-19,0.0
2015-12-20,0.0
2015-12-21,0.0
2015-12-22,0.0
2015-12-23,0.0
2015-12-24,0.0
2015-12-25,0.0
2015-12-26,0.0
2015-12-27,0.0
2015-12-28,0.0
2015-12-29,0.0
2015-12-30,0.0
2015-12-31,0.0
2016-01-01,0.0
2016-01-02,0.0
2016-01-03,10.040603059652403
2016-01-04,0.0
2016-01-05,3.4798657638343466
2016-01-06,0.0
2016-01-07,0.0
2016-01-08,0.0
2016-01-09,1.872209608191628
2016-01-10,1.919713284529941
2016-01-11,1.2939321090593772
2016-01-12,2.180129188550342
2016-01-13,7.796013952022388
2016-01-14,0.0
2016-01-15,0.0
2016-01-16,1.494987793485717
2016-01-17,0.0
2016-01-18,0.0
2016-01-19,0.0035117225439647275
2016-01-20,13.401269703644198
2016-01-21,0.7776645093688578
2016-01-22,0.07103119391686881
2016-01-23,0.0
2016-01-24,0.0
2016-01-25,0.007880812120070763
2016-01-26,0.0
2016-01-27,0.0
2016-01-28,0.0
2016-01-29,0.0
2016-01-30,3.552357174358831
2016-01-31,3.064298617706027
2016-02-01,7.6507634697887585
2016-02-02,0.0
2016-02-03,7.866691937298616
2016-02-04,2.09021641019288
2016-02-05,0.0
2016-02-06,0.0
2016-02-07,0.0
2016-02-08,1.6767538671473563
2016-02-09,3.429193886504987
2016-02-10,0.0
2016-02-11,2.3243933935079912
2016-02-12,0.0
2016-02-13,0.0
2016-02-14,0.0
2016-02-15,4.397137164071098
2016-02-16,0.20938831387280132
2016-02-17,1.8360173597623688
2016-02-18,0.26068354124148146
2016-02-19,0.007066634397850237
2016-02-20,0.0
2016-02-21,0.0
2016-02-22,0.5585818693805739
2016-02-23,0.7817552805064698
2016-02-24,4.550053306835651
2016-02-25,0.6344567795595001
2016-02-26,2.591592371992466
2016-02-27,0.10498114459933028
2016-02-28,6.273259326036944
2016-02-29,12.614978880303706
2016-03-01,0.0
2016-03-02,0.6976021994585889
2016-03-03,10.463189213196758
2016-03-04,0.3052572523052938
2016-03-05,20.36871295157812
2016-03-06,3.8878964812935703
2016-03-07,22.777642002661725
2016-03-08,6.586852229690762
2016-03-09,7.615905197850932
2016-03-10,11.186491711746678
2016-03-11,6.556868478881247
2016-03-12,7.640672430914605
2016-03-13,6.349960887852528
2016-03-14,0.13131195190241568
2016-03-15,0.0
2016-03-16,0.0
2016-03-17,1.5142138173540172
2016-03-18,0.0
2016-03-19,0.0
2016-03-20,6.159505954005395
2016-03-21,0.776994450418842
2016-03-22,0.0
2016-03-23,0.006939934132629413
2016-03-24,0.0
2016-03-25,0.0
2016-03-26,0.0
2016-03-27,0.0
2016-03-28,0.0
2016-03-29,0.06480288093820351
2016-03-30,11.6080223583792
2016-03-31,0.201674449562457
2016-04-01,4.386051163382717
2016-04-02,0.00021709628552012594
2016-04-03,24.867268745521635
2016-04-04,0.0
2016-04-05,2.097243990025413
2016-04-06,3.349175311547348
2016-04-07,0.0
2016-04-08,0.0
2016-04-09,0.0
2016-04-10,4.060543565692008
2016-04-11,0.0
2016-04-12,0.6375593316865507
2016-04-13,34.283087685711585
2016-04-14,1.7073603709877212
2016-04-15,0.005896856915913472
2016-04-16,0.0
2016-04-17,0.0
2016-04-18,0.0
2016-04-19,0.0
2016-04-20,0.0
2016-04-21,0.14005547017682943
2016-04-22,0.0
2016-04-23,5.0717026557237554
2016-04-24,2.193883615928664
2016-04-25,0.3977748999171455
2016-04-26,0.6803691051114187
2016-04-27,1.3914152228843184
2016-04-28,31.286217873122776
2016-04-29,0.0
2016-04-30,0.0
2016-05-01,3.791537734538481
2016-05-02,0.42036728250546485
2016-05-03,0.0
2016-05-04,0.0
2016-05-05,0.06790773891503453
2016-05-06,0.0
2016-05-07,0.0
2016-05-08,0.0
2016-05-09,8.026866267440575
2016-05-10,7.522065069923215
2016-05-11,0.01058659058661892
2016-05-12,0.0
2016-05-13,5.168927641567633
2016-05-14,0.8474577059367822
2016-05-15,4.853089497734081
2016-05-16,5.285213462695502
2016-05-17,0.0
2016-05-18,0.0
2016-05-19,0.0
2016-05-20,0.0
2016-05-21,0.0
2016-05-22,0.0
2016-05-23,0.0
2016-05-24,1.9347808378723244
2016-05-25,0.0
2016-05-26,0.0
2016-05-27,0.0
2016-05-28,0.0
2016-05-29,1.5188994962316515
2016-05-30,2.910557660658696
2016-05-31,5.274516582085133
2016-06-01,2.9853666507729124
2016-06-02,0.3616498116619169
2016-06-03,0.0
2016-06-04,1.2416790067578802
2016-06-05,0.0
2016-06-06,7.503170150360089
2016-06-07,0.2635321365486405
2016-06-08,15.928366266558948
2016-06-09,0.5594334567465159
2016-06-10,14.400084418941743
2016-06-11,0.18416853362559274
2016-06-12,0.04768476157940867
2016-06-13,0.0
2016-06-14,0.0
2016-06-15,0.0
2016-06-16,0.0
2016-06-17,0.0
2016-06-18,0.0
2016-06-19,0.0
2016-06-20,0.0
2016-06-21,0.2950363372787656
2016-06-22,0.0
2016-06-23,0.0
2016-06-24,0.0
2016-06-25,0.0
2016-06-26,0.0
2016-06-27,0.0
2016-06-28,0.0
2016-06-29,0.0
2016-06-30,0.0
2016-07-01,2.6133405279614537
2016-07-02,0.19122225406424953
2016-07-03,3.645034137053862
2016-07-04,0.0
2016-07-05,4.955145833228803
2016-07-06,0.0
2016-07-07,0.477393904531759
2016-07-08,3.9644373146569882
2016-07-09,0.0
2016-07-10,0.0
2016-07-11,3.397577312574177
2016-07-12,0.0
2016-07-13,0.8941464147362891
2016-07-14,3.065087839605903
2016-07-15,0.0
2016-07-16,0.0
2016-07-17,4.322538072921594
2016-07-18,1.001472249327358
2016-07-19,0.7191141016709985
2016-07-20,0.1585176633508997
2016-07-21,0.0
2016-07-22,0.0
2016-07-23,0.0
2016-07-24,0.0
2016-07-25,1.8791384195026604
2016-07-26,0.0
2016-07-27,0.0
2016-07-28,0.2999365598266945
2016-07-29,0.0
2016-07-30,0.0
2016-07-31,0.0
2016-08-01,0.0
2016-08-02,0.0
2016-08-03,1.2078669233871646
2016-08-04,0.06275662743556955
2016-08-05,0.0
2016-08-06,0.0
2016-08-07,13.249799838574427
2016-08-08,0.0
2016-08-09,0.0
2016-08-10,0.0
2016-08-11,4.5519166742328
2016-08-12,0.16583806666879575
2016-08-13,0.0
2016-08-14,0.0
2016-08-15,0.0
2016-08-16,3.019192567295829
2016-08-17,0.0
2016-08-18,0.1480036101150414
2016-08-19,0.0
2016-08-20,0.0
2016-08-21,0.0
2016-08-22,5.732459545208421
2016-08-23,0.0
2016-08-24,0.0
2016-08-25,0.0
2016-08-26,0.0
2016-08-27,0.0
2016-08-28,2.7766170896951037
2016-08-29,0.19151092501743242
2016-08-30,0.0
2016-08-31,0.11616631221499743
2016-09-01,14.168543946795456
2016-09-02,0.0
2016-09-03,0.7600907135763675
2016-09-04,0.0
2016-09-05,0.26435854807266435
2016-09-06,0.0
2016-09-07,0.0
2016-09-08,0.0
2016-09-09,0.0
2016-09-10,0.2731304743614005
2016-09-11,1.7204707839266125
2016-09-12,0.7841715062811433
2016-09-13,0.0
2016-09-14,6.712895920172138
2016-09-15,12.417963223264039
2016-09-16,2.035280987607382
2016-09-17,0.0
2016-09-18,1.6376686367801114
2016-09-19,0.9053634057546355
2016-09-20,0.0
2016-09-21,0.0
2016-09-22,0.0
2016-09-23,0.004916054679178264
2016-09-24,0.05689446624272279
2016-09-25,0.0
2016-09-26,0.0
2016-09-27,0.0
2016-09-28,0.0
2016-09-29,0.0
2016-09-30,0.21148365553560233
2016-10-01,2.1216563064008738
2016-10-02,10.984804326191096
2016-10-03,0.0
2016-10-04,0.0
2016-10-05,0.08519335476097811
2016-10-06,0.2184269568096836
2016-10-07,0.0
2016-10-08,0.0
2016-10-09,0.0
2016-10-10,0.0
2016-10-11,0.06243477112135741
2016-10-12,0.04378243802258669
2016-10-13,4.505735955726252
2016-10-14,1.0300330197735679
2016-10-15,0.0
2016-10-16,0.0
2016-10-17,0.0
2016-10-18,0.0
2016-10-19,0.0
2016-10-20,0.0
2016-10-21,0.0
2016-10-22,0.0
2016-10-23,0.0
2016-10-24,4.153266357342848
2016-10-25,1.1087801618059756
2016-10-26,0.14903046262294262
2016-10-27,0.17146639513935202
2016-10-28,14.319650105941134
2016-10-29,0.0
2016-10-30,0.0
2016-10-31,0.0
2016-11-01,0.0
2016-11-02,0.0
2016-11-03,0.2986060863713238
2016-11-04,0.010784780255817535
2016-11-05,0.0
2016-11-06,0.0
2016-11-07,0.0
2016-11-08,0.0
2016-11-09,0.0
2016-11-10,0.005749826871279904
2016-11-11,3.3573509622814433
2016-11-12,4.306511125819694
2016-11-13,7.832182083904438
2016-11-14,10.44575715931663
2016-11-15,0.0
2016-11-16,0.0
2016-11-17,0.0
2016-11-18,6.974877157483474
2016-11-19,2.4808779558406098
2016-11-20,0.0
2016-11-21,0.0
2016-11-22,0.0
2016-11-23,0.0
2016-11-24,0.0
2016-11-25,0.010606153508936593
2016-11-26,0.0
2016-11-27,4.592750321398722
2016-11-28,0.6884756333446024
2016-11-29,0.0
2016-11-30,0.0
2016-12-01,0.0
2016-12-02,0.0
2016-12-03,0.056983533832372424
2016-12-04,2.336417212485257
2016-12-05,0.0
2016-12-06,0.0
2016-12-07,0.3528801077711294
2016-12-08,2.1277547833880424
2016-12-09,0.10220351408888943
2016-12-10,0.0
2016-12-11,0.0
2016-12-12,0.0
2016-12-13,0.0
2016-12-14,0.0
2016-12-15,0.43891264830628934
2016-12-16,0.7404480061693629
2016-12-17,0.0
2016-12-18,0.0
2016-12-19,9.840795799482262
2016-12-20,0.9156814853132487
2016-12-21,2.5939537614266337
2016-12-22,0.0
2016-12-23,0.7851402560921272
2016-12-24,0.0
2016-12-25,0.0
2016-12-26,0.0
2016-12-27,1.4076493527023544
2016-12-28,1.924209335996154
2016-12-29,0.030842174819656575
2016-12-30,19.64882760605156
2016-12-31,0.0
2017-01-01,0.046232188530193535
2017-01-02,20.233468007511842
2017-01-03,0.0
2017-01-04,0.0
2017-01-05,1.4474222791774654
2017-01-06,0.0
2017-01-07,0.37977736470189016
2017-01-08,0.0
2017-01-09,6.280333446945337
2017-01-10,0.0
2017-01-11,0.2942715786576083
2017-01-12,0.0
2017-01-13,1.2469872604203898
2017-01-14,2.02996376721188
2017-01-15,25.474229411403147
2017-01-16,0.6115683006953652
2017-01-17,0.0
2017-01-18,0.038604351609403294
2017-01-19,0.0
2017-01-20,25.892907826975584
2017-01-21,1.4742539267207562
2017-01-22,2.3287588401959622
2017-01-23,0.0
2017-01-24,0.4537377094904417
2017-01-25,0.035839249453140626
2017-01-26,2.7304885041934446
2017-01-27,1.276717055386056
2017-01-28,0.0
2017-01-29,0.0
2017-01-30,0.0
2017-01-31,0.019838618134968733
2017-02-01,0.0
2017-02-02,0.0013477824546139572
2017-02-03,0.0
2017-02-04,1.0626387335178618
2017-02-05,7.485012679672984
2017-02-06,0.030477177498523078
2017-02-07,0.05939142300634246
2017-02-08,0.0
2017-02-09,2.7295104900343325
2017-02-10,10.15136133872534
2017-02-11,11.106790248958898
2017-02-12,1.4185850496300865
2017-02-13,0.0
2017-02-14,8.060800819322031
2017-02-15,0.40065511194108
2017-02-16,0.06314903365453069
2017-02-17,3.4080215304037473
2017-02-18,0.0
2017-02-19,0.6110783188275117
2017-02-20,8.317052448019968
2017-02-21,8.183268479873684
2017-02-22,13.073661506830893
2017-02-23,1.2600255141810095
2017-02-24,3.0131983205133013
2017-02-25,5.46464754878371
2017-02-26,9.290180893159512
2017-02-27,0.10896142915235173
2017-02-28,2.01448683972847
2017-03-01,0.0
2017-03-02,0.12191557407973752
2017-03-03,0.08842789902141945
2017-03-04,1.2061883871396524
2017-03-05,0.0
2017-03-06,0.38475823068642334
2017-03-07,0.09646676352559051
2017-03-08,1.59334319845507
2017-03-09,17.345228103790014
2017-03-10,28.632395870401773
2017-03-11,12.532876938272247
2017-03-12,1.4428097358482643
2017-03-13,1.1945817463987474
2017-03-14,17.923390751442813
2017-03-15,3.5245847446347507
2017-03-16,3.466256863638459
2017-03-17,10.774415043621369
2017-03-18,7.500913694959848
2017-03-19,1.677308084661673
2017-03-20,0.0
2017-03-21,0.4459000017531739
2017-03-22,2.9296331906395516
2017-03-23,1.3940067308929542
2017-03-24,1.3190384945572031
2017-03-25,12.748926177954997
2017-03-26,12.574851284256413
2017-03-27,27.400394602102153
2017-03-28,11.820646943724714
2017-03-29,21.838344317061654
2017-03-30,2.0012099597211903
2017-03-31,20.034200218434396
2017-04-01,3.6577182065946108
2017-04-02,2.8447358873629063
2017-04-03,0.0
2017-04-04,1.2951739911452165
2017-04-05,0.027792317400067715
2017-04-06,0.0
2017-04-07,0.0
2017-04-08,0.29881750645139504
2017-04-09,3.9703309688164694
2017-04-10,0.8433951046080728
2017-04-11,6.99579034653663
2017-04-12,5.343136613880513
2017-04-13,1.7787416652239392
2017-04-14,0.0
2017-04-15,0.0
2017-04-16,0.0
2017-04-17,0.0
2017-04-18,13.285938122433873
2017-04-19,0.03704172447003008
2017-04-20,12.341852316723887
2017-04-21,26.90572992553738
2017-04-22,2.529460857798738
2017-04-23,0.1927838908659218
2017-04-24,0.2028592328471279
2017-04-25,0.31718180520258027
2017-04-26,16.407353434459353
2017-04-27,30.922112140072578
2017-04-28,8.983591576215812
2017-04-29,0.0
2017-04-30,0.03515271863620331
2017-05-01,0.0
2017-05-02,0.0
2017-05-03,0.0
2017-05-04,11.046113145594582
2017-05-05,0.6493679061260313
2017-05-06,0.010491069298902546
2017-05-07,8.64062121374266
2017-05-08,11.566816701627188
2017-05-09,7.709407044038173
2017-05-10,14.630583685038975
2017-05-11,3.118325496413799
2017-05-12,4.038527358120431
2017-05-13,2.1439994917031893
2017-05-14,46.28062466316537
2017-05-15,2.1054350059542846
2017-05-16,2.207368602399963
2017-05-17,3.7636155101508746
2017-05-18,0.0
2017-05-19,0.0
2017-05-20,0.0
2017-05-21,0.0
2017-05-22,0.004594111973781113
2017-05-23,0.0
2017-05-24,0.0
2017-05-25,0.0
2017-05-26,0.0
2017-05-27,0.0
2017-05-28,0.0
2017-05-29,0.0
2017-05-30,0.0
2017-05-31,0.0
2017-06-01,0.0
2017-06-02,0.0
2017-06-03,0.0
2017-06-04,0.0
2017-06-05,0.0
2017-06-06,0.0
2017-06-07,0.0
2017-06-08,10.703103213670035
2017-06-09,22.613024632223908
2017-06-10,11.723709998797089
2017-06-11,0.0
2017-06-12,0.7445628929510651
2017-06-13,51.40306963814125
2017-06-14,0.5622146471728691
2017-06-15,0.0
2017-06-16,0.0
2017-06-17,0.0
2017-06-18,0.0
2017-06-19,0.0018815661397756746
2017-06-20,3.685317097676602
2017-06-21,5.681664079788828
2017-06-22,0.0
2017-06-23,0.0
2017-06-24,0.0
2017-06-25,0.0
2017-06-26,0.0
2017-06-27,0.0
2017-06-28,15.408443859598815
2017-06-29,0.0
2017-06-30,0.0
2017-07-01,0.0
2017-07-02,2.6075871249909897
2017-07-03,0.5504381158471211
2017-07-04,0.0
2017-07-05,0.0
2017-07-06,0.0
2017-07-07,1.6341379862814662
2017-07-08,0.2791028362698962
2017-07-09,0.0
2017-07-10,0.0
2017-07-11,4.042291221165856
2017-07-12,0.0
2017-07-13,0.0
2017-07-14,0.0
2017-07-15,0.0
2017-07-16,0.0
2017-07-17,1.2769131714760933
2017-07-18,12.423345578147915
2017-07-19,0.24242949802432423
2017-07-20,0.0
2017-07-21,0.0
2017-07-22,0.0
2017-07-23,0.0
2017-07-24,0.0
2017-07-25,5.441937250398013
2017-07-26,8.460852288404409
2017-07-27,0.0
2017-07-28,0.0
2017-07-29,0.0
2017-07-30,0.0
2017-07-31,0.0
2017-08-01,0.0
2017-08-02,0.0
2017-08-03,0.0
2017-08-04,0.0
2017-08-05,0.025794874041893227
2017-08-06,0.0
2017-08-07,0.0
2017-08-08,0.0
2017-08-09,0.0
2017-08-10,0.0
2017-08-11,0.0
2017-08-12,0.0
2017-08-13,0.0
2017-08-14,0.0
2017-08-15,0.0
2017-08-16,9.869367141385716
2017-08-17,0.0
2017-08-18,0.0
2017-08-19,6.4278584740945695
2017-08-20,3.05445939575765
2017-08-21,4.556782459661859
2017-08-22,1.6183869595628957
2017-08-23,0.0
2017-08-24,0.0
2017-08-25,1.2400179725982012
2017-08-26,0.0
2017-08-27,0.7947257588650875
2017-08-28,8.68414069226699
2017-08-29,0.0
2017-08-30,0.7770496419386912
2017-08-31,0.0
2017-09-01,0.0
2017-09-02,0.0
2017-09-03,0.0
2017-09-04,0.0
2017-09-05,0.0
2017-09-06,0.03158714860853716
2017-09-07,0.0
2017-09-08,0.0
2017-09-09,0.3493350248568126
2017-09-10,1.823456665592985
2017-09-11,2.821140476839067
2017-09-12,4.967455165797318
2017-09-13,8.258975337483566
2017-09-14,1.2627388068547774
2017-09-15,3.1467324926430047
2017-09-16,0.7325953955179472
2017-09-17,0.10284731205953104
2017-09-18,0.0
2017-09-19,0.0
2017-09-20,0.0
2017-09-21,0.0
2017-09-22,5.514441516044136
2017-09-23,0.5698093127674813
2017-09-24,0.1377213055326347
2017-09-25,0.0
2017-09-26,0.0
2017-09-27,0.0
2017-09-28,5.798763401735008
2017-09-29,9.494562828077743
2017-09-30,0.3578151923736241
2017-10-01,0.12069666088069154
2017-10-02,0.0
2017-10-03,0.0
2017-10-04,18.72443897033123
2017-10-05,0.14858970537080884
2017-10-06,0.0
2017-10-07,0.0
2017-10-08,1.4027507708745404
2017-10-09,4.8500918330095715
2017-10-10,0.0
2017-10-11,0.0
2017-10-12,0.0
2017-10-13,0.0
2017-10-14,0.0
2017-10-15,0.0
2017-10-16,0.0
2017-10-17,0.0
2017-10-18,0.0
2017-10-19,0.0
2017-10-20,0.0
2017-10-21,0.0
2017-10-22,0.0
2017-10-23,0.0
2017-10-24,0.0
2017-10-25,0.0
2017-10-26,0.0
2017-10-27,0.0
2017-10-28,11.506531953615314
2017-10-29,1.5870741656327882
2017-10-30,5.52895923686572
2017-10-31,1.1453060835408475
2017-11-01,0.8996418434695755
2017-11-02,2.883829058909297
2017-11-03,2.6178054076807475
2017-11-04,0.23643923868216518
2017-11-05,1.6042163382417283
2017-11-06,0.0
2017-11-07,0.07744783452378215
2017-11-08,0.10355841770476824
2017-11-09,0.0
2017-11-10,1.0214959996208215
2017-11-11,0.0
2017-11-12,0.0
2017-11-13,0.18227889946572115
2017-11-14,1.1669826833701955
2017-11-15,7.193843274919455
2017-11-16,1.2058909022886324
2017-11-17,11.211846221461792
2017-11-18,0.0
2017-11-19,1.0372410731503756
2017-11-20,0.968672158695503
2017-11-21,6.032590682278311
2017-11-22,0.0
2017-11-23,5.400489791136357
2017-11-24,0.0
2017-11-25,0.0
2017-11-26,0.09334565209710782
2017-11-27,3.1787675169667944
2017-11-28,0.023120243521355752
2017-11-29,2.9725865702532266
2017-11-30,0.019011584584315774
2017-12-01,5.465286323940788
2017-12-02,4.463333530969917
2017-12-03,0.03737758199565537
2017-12-04,0.0
2017-12-05,0.0
2017-12-06,0.0
2017-12-07,0.0
2017-12-08,0.0
2017-12-09,0.6622290497731761
2017-12-10,5.78736801429392
2017-12-11,0.41259154356179745
2017-12-12,11.139728847740422
2017-12-13,0.0
2017-12-14,0.0
2017-12-15,0.0
2017-12-16,0.0
2017-12-17,0.0
2017-12-18,0.0
2017-12-19,0.0
2017-12-20,0.0
2017-12-21,0.0
2017-12-22,0.0
2017-12-23,0.0
2017-12-24,0.0
2017-12-25,0.0
2017-12-26,0.0
2017-12-27,0.0
2017-12-28,2.4741204635728358
2017-12-29,15.895460547434475
2017-12-30,3.922634363948543
2017-12-31,14.121777232735562
2018-01-01,13.370723419727064
2018-01-02,2.6788623515845456
2018-01-03,0.0
2018-01-04,1.3620442082381958
2018-01-05,9.79918918475161
2018-01-06,6.923624783736818
2018-01-07,0.0
2018-01-08,0.8305391518982108
2018-01-09,0.965990800529447
2018-01-10,1.8457520152095837
2018-01-11,13.231896792846918
2018-01-12,0.0
2018-01-13,1.9855333190075029
2018-01-14,0.8285305005529192
2018-01-15,11.349083718629652
2018-01-16,0.0
2018-01-17,0.009613345135655864
2018-01-18,0.18939457310369914
2018-01-19,0.0
2018-01-20,0.0
2018-01-21,0.0
2018-01-22,0.0
2018-01-23,0.0
2018-01-24,0.0
2018-01-25,0.0
2018-01-26,0.0
2018-01-27,0.0
2018-01-28,0.0
2018-01-29,0.0
2018-01-30,0.019633952346719902
2018-01-31,0.16510975779616024
2018-02-01,0.0
2018-02-02,0.0
2018-02-03,2.409811899515779
2018-02-04,2.761214658854622
2018-02-05,4.597549019360675
2018-02-06,0.0
2018-02-07,0.0
2018-02-08,0.0
2018-02-09,4.09655556860406
2018-02-10,5.208600773591561
2018-02-11,2.0276819026893977
2018-02-12,0.0
2018-02-13,0.0
2018-02-14,0.0065117000347108996
2018-02-15,6.906106836685918
2018-02-16,0.0
2018-02-17,0.0
2018-02-18,2.7368214553859214
2018-02-19,34.53649326193471
2018-02-20,6.766541333354824
2018-02-21,0.6186262008159539
2018-02-22,0.17424398562073654
2018-02-23,4.890519985375066
2018-02-24,1.9522628558791868
2018-02-25,0.0002897591870568672
2018-02-26,3.232678301774218
2018-02-27,0.0
2018-02-28,0.0
2018-03-01,0.0
2018-03-02,7.658497926737479
2018-03-03,0.0
2018-03-04,0.0
2018-03-05,1.9746996426535772
2018-03-06,1.3927476582065952
2018-03-07,0.8502723289159283
2018-03-08,0.038191601228392005
2018-03-09,2.1591677767241544
2018-03-10,0.0
2018-03-11,0.0
2018-03-12,1.412577163162583
2018-03-13,13.169575979930473
2018-03-14,1.3124325843883102
2018-03-15,3.798623013187318
2018-03-16,0.0
2018-03-17,0.3039981523962595
2018-03-18,0.5336556306960198
2018-03-19,7.400303330244299
2018-03-20,2.0625546458434845
2018-03-21,0.0
2018-03-22,2.197642385282284
2018-03-23,7.053575023035162
2018-03-24,9.861217780940391
2018-03-25,2.0369762921533567
2018-03-26,6.79683429332177
2018-03-27,2.649312485488076
2018-03-28,0.0
2018-03-29,0.38236790276318666
2018-03-30,0.4621465038984542
2018-03-31,6.2238879500873
2018-04-01,3.6197301883449344
2018-04-02,20.167517109764034
2018-04-03,0.4442544016443056
2018-04-04,4.28873192341533
2018-04-05,2.4457858488413486
2018-04-06,14.455802472807918
2018-04-07,5.8672778349165275
2018-04-08,5.443438061051651
2018-04-09,0.0
2018-04-10,0.3045971795278131
2018-04-11,0.0
2018-04-12,0.0
2018-04-13,34.00843342217272
2018-04-14,0.0
2018-04-15,0.0
2018-04-16,0.021532665344501073
2018-04-17,0.0
2018-04-18,0.0
2018-04-19,0.0
2018-04-20,0.0
2018-04-21,0.0
2018-04-22,0.0
2018-04-23,0.0
2018-04-24,0.0
2018-04-25,0.0
2018-04-26,0.0
2018-04-27,0.0
2018-04-28,18.567753666325622
2018-04-29,0.7228720170919848
2018-04-30,0.0
2018-05-01,0.0
2018-05-02,4.413375608899117
2018-05-03,0.0
2018-05-04,0.0
2018-05-05,0.6787678431003898
2018-05-06,0.44655899224841017
2018-05-07,0.270386113398659
2018-05-08,0.0
2018-05-09,0.0
2018-05-10,16.309969873564995
2018-05-11,13.356178236684189
2018-05-12,0.0
2018-05-13,0.0
2018-05-14,4.119579676535288
2018-05-15,30.1360695002469
2018-05-16,12.81080319109971
2018-05-17,0.0
2018-05-18,1.4670094811988994
2018-05-19,0.0
2018-05-20,0.0
2018-05-21,0.0
2018-05-22,0.0
2018-05-23,0.0
2018-05-24,6.481563524922446
2018-05-25,0.0
2018-05-26,0.0
2018-05-27,0.0
2018-05-28,0.0
2018-05-29,0.0
2018-05-30,1.4175102550573995
2018-05-31,0.0
2018-06-01,0.0
2018-06-02,0.15772475591141277
2018-06-03,0.0
2018-06-04,7.572334385191953
2018-06-05,0.0
2018-06-06,0.0
2018-06-07,0.0
2018-06-08,5.567491676230582
2018-06-09,1.1549634841476648
2018-06-10,0.0
2018-06-11,0.0
2018-06-12,4.238933620886378
2018-06-13,0.0
2018-06-14,1.3473005060773429
2018-06-15,0.0
2018-06-16,6.774844223467449
2018-06-17,2.7122731728461
2018-06-18,0.0
2018-06-19,0.0
2018-06-20,0.0
2018-06-21,0.0
2018-06-22,0.0
2018-06-23,0.0
2018-06-24,7.7625748992759975
2018-06-25,7.034434542236248
2018-06-26,1.137256700667292
2018-06-27,0.0
2018-06-28,1.2412576902036938
2018-06-29,0.0
2018-06-30,2.0013073572811706
2018-07-01,0.0
2018-07-02,0.0
2018-07-03,0.0
2018-07-04,0.30180635993694904
2018-07-05,4.654038054245887
2018-07-06,0.0
2018-07-07,0.0
2018-07-08,0.0
2018-07-09,0.0
2018-07-10,7.558631072147471
2018-07-11,0.5741838672577718
2018-07-12,0.0
2018-07-13,0.0
2018-07-14,0.5649134397276726
2018-07-15,0.0
2018-07-16,0.0
2018-07-17,2.004029421414459
2018-07-18,0.19503800285548833
2018-07-19,0.0
2018-07-20,0.0
2018-07-21,0.0
2018-07-22,6.320209716187194
2018-07-23,0.0
2018-07-24,0.0
2018-07-25,0.0
2018-07-26,0.6736359691949708
2018-07-27,0.0
2018-07-28,0.0
2018-07-29,0.0
2018-07-30,0.268653361434906
2018-07-31,8.691476439783479
2018-08-01,2.420374337166665
2018-08-02,0.06669148578028554
2018-08-03,0.0
2018-08-04,22.25032228505031
2018-08-05,0.4415043446579178
2018-08-06,0.0
2018-08-07,0.0
2018-08-08,0.8153231990137395
2018-08-09,0.0
2018-08-10,0.34140880694123565
2018-08-11,2.7579052140930775
2018-08-12,0.0
2018-08-13,0.0
2018-08-14,0.0
2018-08-15,0.23456027583341313
2018-08-16,5.564735280472602
2018-08-17,4.065754701709045
2018-08-18,0.3692913048029467
2018-08-19,0.03311333681071074
2018-08-20,0.3225475317357841
2018-08-21,0.002132618037139158
2018-08-22,0.0501888449174153
2018-08-23,0.0
2018-08-24,0.0
2018-08-25,0.0
2018-08-26,0.0665672344788185
2018-08-27,3.728771268257047
2018-08-28,0.0
2018-08-29,0.0
2018-08-30,0.0
2018-08-31,0.0
2018-09-01,0.0
2018-09-02,0.0
2018-09-03,0.0
2018-09-04,14.578865878843342
2018-09-05,0.0
2018-09-06,0.0
2018-09-07,0.0
2018-09-08,0.0
2018-09-09,0.01981291571126344
2018-09-10,0.9383901800993869
2018-09-11,0.0
2018-09-12,0.0
2018-09-13,0.17448872155454123
2018-09-14,0.0029016322473457293
2018-09-15,1.7143596836424675
2018-09-16,7.99584090202311
2018-09-17,4.310976928894209
2018-09-18,0.0
2018-09-19,0.0
2018-09-20,0.0
2018-09-21,0.0
2018-09-22,0.02139908957278883
2018-09-23,0.0
2018-09-24,1.3440637945823128
2018-09-25,0.0
2018-09-26,0.0
2018-09-27,0.0
2018-09-28,0.0
2018-09-29,2.421522944146817
2018-09-30,2.534393098733931
2018-10-01,7.081185732684807
2018-10-02,3.852497194592083
2018-10-03,0.0
2018-10-04,0.0
2018-10-05,0.72693315519489
2018-10-06,2.238951677810814
2018-10-07,0.03610976587179798
2018-10-08,11.505905709821889
2018-10-09,9.753713791015256
2018-10-10,7.511557973934799
2018-10-11,1.9280694661285052
2018-10-12,1.0337914063717744
2018-10-13,0.9025031706530847
2018-10-14,0.04275305993702317
2018-10-15,0.0
2018-10-16,0.12525759201466252
2018-10-17,0.0482760253402566
2018-10-18,2.9692013088519174
2018-10-19,4.847329496874561
2018-10-20,11.097534741423733
2018-10-21,6.432489423547871
2018-10-22,0.0
2018-10-23,0.2828595080499192
2018-10-24,1.404862167007673
2018-10-25,2.479736610555346
2018-10-26,3.9014354889508924
2018-10-27,0.05151321105843945
2018-10-28,0.0
2018-10-29,0.028355955940144086
2018-10-30,0.0
2018-10-31,0.0
2018-11-01,0.10109096606910906
2018-11-02,0.0
2018-11-03,0.07211388953867495
2018-11-04,0.0
2018-11-05,10.288912609829929
2018-11-06,4.2859382452696755
2018-11-07,0.22175328031981986
2018-11-08,2.058285666777577
2018-11-09,0.020302668685388936
2018-11-10,0.9689319194957676
2018-11-11,2.501943154803187
2018-11-12,0.15007117855726396
2018-11-13,0.17607226519125463
2018-11-14,2.3842879787960065
2018-11-15,0.0
2018-11-16,2.8119414960474467
2018-11-17,0.7103193156806659
2018-11-18,1.1695881192101856
2018-11-19,4.286640009846297
2018-11-20,7.066886221024943
2018-11-21,2.473434618511523
2018-11-22,6.675607947330767
2018-11-23,3.8017109494836094
2018-11-24,2.573042633508067
2018-11-25,0.0
2018-11-26,1.0346521670640565
2018-11-27,2.5066115361220564
2018-11-28,2.7481643897158827
2018-11-29,2.6912231470779413
2018-11-30,0.8690364145406334
2018-12-01,0.0
2018-12-02,9.155671813152953
2018-12-03,32.83132510013257
2018-12-04,21.318717153516122
2018-12-05,2.6080810931212275
2018-12-06,1.165090665024533
2018-12-07,0.6061605737060276
2018-12-08,0.48717422519905784
2018-12-09,0.0
2018-12-10,0.0
2018-12-11,2.6656078948213517
2018-12-12,0.04945507878188937
2018-12-13,0.01712415457484251
2018-12-14,0.1193925703149362
2018-12-15,0.0
2018-12-16,0.0
2018-12-17,0.12308380566375232
2018-12-18,0.2507233458137696
2018-12-19,0.0
2018-12-20,0.049915423105035814
2018-12-21,11.466106173554788
2018-12-22,3.761233024472862
2018-12-23,3.4796254453980353
2018-12-24,4.970712585437774
2018-12-25,13.330919228309584
2018-12-26,0.0
2018-12-27,0.22117117156203378
2018-12-28,0.15942346118824416
2018-12-29,0.0
2018-12-30,0.0
2018-12-31,0.0
2019-01-01,0.0
2019-01-02,0.0
2019-01-03,0.0
2019-01-04,0.0
2019-01-05,0.0
2019-01-06,0.853893589453734
2019-01-07,16.863016057412175
2019-01-08,24.17747106582106
2019-01-09,0.0
2019-01-10,3.161326727485571
2019-01-11,19.25443058694006
2019-01-12,2.2981157504347998
2019-01-13,0.0
2019-01-14,0.0
2019-01-15,0.0
2019-01-16,0.0
2019-01-17,0.0
2019-01-18,0.0
2019-01-19,0.0
2019-01-20,0.0
2019-01-21,0.0
2019-01-22,0.0
2019-01-23,0.0
2019-01-24,0.0
2019-01-25,0.0
2019-01-26,0.0
2019-01-27,0.0
2019-01-28,17.756080994647416
2019-01-29,15.775834362907885
2019-01-30,10.963841232493845
2019-01-31,15.344143951898111
2019-02-01,8.038629245408027
2019-02-02,0.24342638379957635
2019-02-03,17.58983557183269
2019-02-04,3.0796310479193947
2019-02-05,0.41387049882515115
2019-02-06,0.0
2019-02-07,0.0
2019-02-08,0.498848080099368
2019-02-09,0.3651123811106871
2019-02-10,0.3568349524957669
2019-02-11,0.22524152370749326
2019-02-12,0.3085581762180427
2019-02-13,0.3479396967574534
2019-02-14,0.0
2019-02-15,5.514208074777522
2019-02-16,8.140283662184679
2019-02-17,0.03142764521602114
2019-02-18,0.4728973887599059
2019-02-19,0.45534891934461363
2019-02-20,3.669348381290553
2019-02-21,15.626354883562078
2019-02-22,1.0301873343491743
2019-02-23,2.5675892938606215
2019-02-24,8.249943222699018
2019-02-25,7.6898528773136805
2019-02-26,4.449417590332085
2019-02-27,0.4554134355590862
2019-02-28,0.0
2019-03-01,4.905560773930669
2019-03-02,3.3645239047431086
2019-03-03,1.4868793240171954
2019-03-04,1.5269199201977288
2019-03-05,13.257764150801114
2019-03-06,8.372332626653133
2019-03-07,5.952648931095646
2019-03-08,2.877474279484238
2019-03-09,0.0
2019-03-10,2.0491446924470997
2019-03-11,0.5458084718705883
2019-03-12,0.09525274747433815
2019-03-13,4.126104584526231
2019-03-14,2.673069891754499
2019-03-15,4.995870854583479
2019-03-16,0.3176778518090323
2019-03-17,2.781574991072856
2019-03-18,0.005893296697090769
2019-03-19,9.836852248258046
2019-03-20,9.955163346546758
2019-03-21,2.073911790480022
2019-03-22,6.193600630032646
2019-03-23,0.0
2019-03-24,0.9562536877912454
2019-03-25,14.300383455721972
2019-03-26,0.0
2019-03-27,1.566528302799788
2019-03-28,7.563859861295279
2019-03-29,0.11948930034440447
2019-03-30,0.0
2019-03-31,0.0
2019-04-01,0.0
2019-04-02,3.8874175062830933
2019-04-03,36.66525153639435
2019-04-04,1.570308632753379
2019-04-05,8.576008946217472
2019-04-06,2.224595834919277
2019-04-07,6.508043563756074
2019-04-08,0.03628301122363976
2019-04-09,0.0
2019-04-10,0.0
2019-04-11,0.0
2019-04-12,0.0
2019-04-13,0.0
2019-04-14,0.00011371310266627088
2019-04-15,0.0
2019-04-16,0.059388321270547884
2019-04-17,0.0
2019-04-18,0.0
2019-04-19,1.4052828668894533
2019-04-20,0.0
2019-04-21,1.6394779735140705
2019-04-22,3.088214307855872
2019-04-23,6.636905702947659
2019-04-24,7.888884823538206
2019-04-25,5.833223786311545
2019-04-26,0.0
2019-04-27,0.0
2019-04-28,0.2205508235504809
2019-04-29,0.45732569323734207
2019-04-30,0.7204070949830428
2019-05-01,8.85462857201456
2019-05-02,0.0
2019-05-03,0.0
2019-05-04,0.0
2019-05-05,0.0
2019-05-06,0.40746513823353564
2019-05-07,0.0
2019-05-08,0.0
2019-05-09,0.0
2019-05-10,0.0
2019-05-11,0.0
2019-05-12,8.189991031330171
2019-05-13,3.229851091990395
2019-05-14,8.233115995978952
2019-05-15,0.0
2019-05-16,0.0
2019-05-17,0.0
2019-05-18,0.0
2019-05-19,0.18569374657758747
2019-05-20,2.5618762875731886
2019-05-21,0.020364185463660516
2019-05-22,0.0
2019-05-23,0.0
2019-05-24,11.375969567360706
2019-05-25,0.0
2019-05-26,2.137962399287899
2019-05-27,0.0
2019-05-28,0.05177654744462316
2019-05-29,14.594951555100264
2019-05-30,4.312278860841497
2019-05-31,0.408316010500805
2019-06-01,4.131137328936241
2019-06-02,9.3209228558369
2019-06-03,48.82358807110379
2019-06-04,0.11259612460906367
2019-06-05,0.11195971781070509
2019-06-06,0.0
2019-06-07,0.0
2019-06-08,0.0
2019-06-09,0.02898731178511839
2019-06-10,0.03962217071596388
2019-06-11,6.424059133699291
2019-06-12,3.877996276415755
2019-06-13,3.8352768706539986
2019-06-14,2.172811531774174
2019-06-15,1.8428188614287635
2019-06-16,0.0
2019-06-17,0.0
2019-06-18,0.04700375549025253
2019-06-19,0.0
2019-06-20,0.03115719874724218
2019-06-21,0.09267522091501261
2019-06-22,0.0
2019-06-23,0.0
2019-06-24,0.0
2019-06-25,0.0
2019-06-26,0.0
2019-06-27,0.0
2019-06-28,0.048281658487544545
2019-06-29,0.041340231051224106
2019-06-30,0.0
2019-07-01,0.0
2019-07-02,0.0
2019-07-03,0.0
2019-07-04,1.7707747958495876
2019-07-05,0.17156697209239316
2019-07-06,0.13765522313084885
2019-07-07,1.351547598942581
2019-07-08,0.48272420082014195
2019-07-09,0.0
2019-07-10,0.0
2019-07-11,0.0
2019-07-12,0.0
2019-07-13,0.15243282951534662
2019-07-14,5.496123190933382
2019-07-15,0.0
2019-07-16,0.0
2019-07-17,4.412440741345163
2019-07-18,0.0
2019-07-19,0.0
2019-07-20,0.0
2019-07-21,0.3595581796313275
2019-07-22,0.0
2019-07-23,0.0
2019-07-24,0.0
2019-07-25,0.09636567444071314
2019-07-26,0.0
2019-07-27,11.377328539456721
2019-07-28,0.00169360805667911
2019-07-29,0.0
2019-07-30,0.0
2019-07-31,0.0
2019-08-01,0.0
2019-08-02,0.0
2019-08-03,4.695341746812652
2019-08-04,12.299764986086224
2019-08-05,0.0
2019-08-06,0.0
2019-08-07,0.0
2019-08-08,0.0
2019-08-09,0.90191888964025
2019-08-10,0.0075423683785967015
2019-08-11,0.0
2019-08-12,0.0
2019-08-13,0.0
2019-08-14,3.45291854825729
2019-08-15,0.0
2019-08-16,0.0
2019-08-17,0.0
2019-08-18,0.0
2019-08-19,0.24673164631005937
2019-08-20,4.61752545506276
2019-08-21,0.0
2019-08-22,0.6864462311771639
2019-08-23,0.1413401399357578
2019-08-24,4.009927437725766
2019-08-25,0.0
2019-08-26,0.0
2019-08-27,0.0
2019-08-28,5.644157899429306
2019-08-29,0.0
2019-08-30,0.0
2019-08-31,0.0
2019-09-01,0.0
2019-09-02,0.0
2019-09-03,0.0
2019-09-04,0.0
2019-09-05,0.0
2019-09-06,0.0
2019-09-07,0.0
2019-09-08,0.0
2019-09-09,0.0
2019-09-10,0.0
2019-09-11,0.0
2019-09-12,0.0
2019-09-13,0.0
2019-09-14,0.10672468401231677
2019-09-15,0.0
2019-09-16,0.00846606348973511
2019-09-17,0.06171814315759907
2019-09-18,2.6024833933184035
2019-09-19,4.313954705984804
2019-09-20,16.883738856897537
2019-09-21,5.007464726171816
2019-09-22,3.3937467098897995
2019-09-23,3.1293159786402236
2019-09-24,3.3350818634027597
2019-09-25,0.0
2019-09-26,0.0
2019-09-27,0.19822369258386896
2019-09-28,0.39186832035518754
2019-09-29,0.32374814217296416
2019-09-30,8.65046876757419
2019-10-01,7.991524162649915
2019-10-02,8.23680961724127
2019-10-03,9.797731847417293
2019-10-04,1.0147486242342507
2019-10-05,2.187558537423913
2019-10-06,7.985699383850064
2019-10-07,0.1984660194707871
2019-10-08,16.391541554614093
2019-10-09,0.0
2019-10-10,0.014738815704676706
2019-10-11,0.20208166320023893
2019-10-12,0.11801329245357639
2019-10-13,1.1272091831658455
2019-10-14,0.0
2019-10-15,0.0
2019-10-16,7.6185552412865105
2019-10-17,0.023099756015344718
2019-10-18,3.664028688736209
2019-10-19,4.270971586543655
2019-10-20,0.06282539554246186
2019-10-21,0.0
2019-10-22,2.0353048806852065
2019-10-23,12.444506028437674
2019-10-24,0.6560030551421525
2019-10-25,4.5084687723170065
2019-10-26,0.47599163532896566
2019-10-27,0.0
2019-10-28,2.150006092040928
2019-10-29,0.0
2019-10-30,1.8165741544009586
2019-10-31,1.2494208901960018
2019-11-01,0.37958320163265213
2019-11-02,0.6219810191410877
2019-11-03,0.0
2019-11-04,0.0
2019-11-05,0.0
2019-11-06,0.0
2019-11-07,2.6193468535201387
2019-11-08,0.0
2019-11-09,0.048717146965626214
2019-11-10,0.7705842357319842
2019-11-11,9.310418859699501
2019-11-12,4.241562497786062
2019-11-13,4.364914447403631
2019-11-14,3.7228628451932515
2019-11-15,3.0050699931998635
2019-11-16,7.807471380001981
2019-11-17,5.292009155242562
2019-11-18,2.7110809502880864
2019-11-19,0.7043255249747101
2019-11-20,2.409434364579261
2019-11-21,0.011160411775929729
2019-11-22,0.0
2019-11-23,25.740542303676378
2019-11-24,1.1504311180029483
2019-11-25,0.0
2019-11-26,0.0
2019-11-27,0.0
2019-11-28,0.1682006970205366
2019-11-29,3.374695378275637
2019-11-30,0.0
2019-12-01,53.82816872433954
2019-12-02,1.8766195668003616
2019-12-03,0.0
2019-12-04,0.4980885073950332
2019-12-05,8.852674558230396
2019-12-06,9.423664920467983
2019-12-07,5.106227861685833
2019-12-08,9.840648880145793
2019-12-09,7.278094594081401
2019-12-10,0.6559226498492641
2019-12-11,6.55211417830905
2019-12-12,5.463151943161104
2019-12-13,6.674328387525451
2019-12-14,2.906766040805951
2019-12-15,18.984872520938975
2019-12-16,2.0818527531792688
2019-12-17,0.0
2019-12-18,0.011261995221896332
2019-12-19,0.8317822601712008
2019-12-20,0.0
2019-12-21,0.0
2019-12-22,0.0
2019-12-23,0.011441033455808507
2019-12-24,0.0
2019-12-25,0.0
2019-12-26,0.0
2019-12-27,0.0
2019-12-28,0.0
2019-12-29,0.0
2019-12-30,2.629992725579729
2019-12-31,10.31897658187496
2020-01-01,1.3535934720008962
2020-01-02,0.0
2020-01-03,0.0
2020-01-04,0.0
2020-01-05,0.0
2020-01-06,0.0
2020-01-07,0.0
2020-01-08,0.0
2020-01-09,0.0
2020-01-10,0.0
2020-01-11,0.0
2020-01-12,0.0
2020-01-13,0.0
2020-01-14,0.0
2020-01-15,0.0
2020-01-16,0.0
2020-01-17,0.0
2020-01-18,0.0
2020-01-19,0.0
2020-01-20,0.0930812801273756
2020-01-21,18.065245807023626
2020-01-22,0.038897456094702194
2020-01-23,8.49320304357868
2020-01-24,15.028746751800155
2020-01-25,9.956497934008587
2020-01-26,9.360006520762889
2020-01-27,0.0
2020-01-28,8.840903262526833
2020-01-29,19.77345101141081
2020-01-30,4.894442033614001
2020-01-31,3.246419481139204
2020-02-01,17.062986503906057
2020-02-02,10.36745098993935
2020-02-03,5.226230094778542
2020-02-04,2.04704801506136
2020-02-05,9.33845594085626
2020-02-06,0.0
2020-02-07,0.0
2020-02-08,0.0
2020-02-09,0.0
2020-02-10,0.0
2020-02-11,0.0
2020-02-12,0.0
2020-02-13,0.0
2020-02-14,0.0
2020-02-15,3.3344546569066003
2020-02-16,0.0
2020-02-17,0.0
2020-02-18,0.0
2020-02-19,0.0
2020-02-20,5.900378605400767
2020-02-21,1.5421276409799956
2020-02-22,9.671693957205637
2020-02-23,8.5599973435722
2020-02-24,15.432292577466066
2020-02-25,0.0005684514619337991
2020-02-26,8.226824281333634
2020-02-27,18.664191762371637
2020-02-28,19.681073518684894
2020-02-29,1.3872068516353162
2020-03-01,5.412526071709699
2020-03-02,10.59548588638022
2020-03-03,0.0
2020-03-04,0.0
2020-03-05,0.0
2020-03-06,0.0
2020-03-07,0.0
2020-03-08,31.30354562714568
2020-03-09,0.0
2020-03-10,0.0
2020-03-11,2.3178346581204705
2020-03-12,2.3772852276363468
2020-03-13,0.5563504604289967
2020-03-14,5.6541444975199555
2020-03-15,0.0
2020-03-16,0.0
2020-03-17,16.71569588170726
2020-03-18,3.074164800648633
2020-03-19,3.370202727231761
2020-03-20,3.442293118429816
2020-03-21,3.6634642947879312
2020-03-22,0.0
2020-03-23,0.0
2020-03-24,0.0
2020-03-25,0.0
2020-03-26,0.0
2020-03-27,0.0
2020-03-28,7.00842489048646
2020-03-29,0.0
2020-03-30,0.0
2020-03-31,0.0
2020-04-01,0.2978889781009606
2020-04-02,0.5577831164479572
2020-04-03,0.0
2020-04-04,0.0
2020-04-05,0.0
2020-04-06,0.0
2020-04-07,0.9975403672574118
2020-04-08,1.1304154078169433
2020-04-09,22.767680903876478
2020-04-10,0.11452792405639006
2020-04-11,37.16946814010455
2020-04-12,3.3030399722082313
2020-04-13,5.641489541500038
2020-04-14,5.133470741975441
2020-04-15,16.088899441125285
2020-04-16,29.46257688059986
2020-04-17,2.0501093604274487
2020-04-18,0.0
2020-04-19,0.0
2020-04-20,0.0
2020-04-21,0.0
2020-04-22,0.0
2020-04-23,0.0
2020-04-24,0.09702390690252388
2020-04-25,0.6972398877528108
2020-04-26,0.7919662124793186
2020-04-27,3.6121839673603895
2020-04-28,0.0
2020-04-29,0.6964483849652202
2020-04-30,0.0
2020-05-01,0.22773177811721548
2020-05-02,0.47917199240845326
2020-05-03,0.016904792743461444
2020-05-04,0.0
2020-05-05,0.0
2020-05-06,0.0
2020-05-07,0.0
2020-05-08,0.8085342938598822
2020-05-09,0.0
2020-05-10,0.0
2020-05-11,0.0
2020-05-12,1.5397377426454946
2020-05-13,21.75862983047038
2020-05-14,0.0
2020-05-15,0.0
2020-05-16,7.741519066747986
2020-05-17,0.0
2020-05-18,0.0
2020-05-19,0.0
2020-05-20,0.0
2020-05-21,0.8220153855919301
2020-05-22,0.5517737921705553
2020-05-23,1.4165829782495445
2020-05-24,4.29383478765894
2020-05-25,2.742067478436417
2020-05-26,0.03143269008875841
2020-05-27,0.0
2020-05-28,0.0
2020-05-29,0.0
2020-05-30,6.865678164279255
2020-05-31,26.586882951733443
2020-06-01,3.7990353366118295
2020-06-02,3.4532720174850673
2020-06-03,3.340236615703275
2020-06-04,2.453333110421488
2020-06-05,8.57431613019171
2020-06-06,0.0
2020-06-07,0.0
2020-06-08,4.903272110055627
2020-06-09,0.0
2020-06-10,0.0
2020-06-11,0.07178694982964685
2020-06-12,0.052547146265995166
2020-06-13,0.1209947980391317
2020-06-14,16.50882331961434
2020-06-15,6.810955256747463
2020-06-16,0.0
2020-06-17,0.0
2020-06-18,0.0
2020-06-19,0.0
2020-06-20,0.0
2020-06-21,8.827458827940912
2020-06-22,0.0
2020-06-23,0.10438394336715248
2020-06-24,0.15512506684098493
2020-06-25,0.0
2020-06-26,0.0
2020-06-27,0.0
2020-06-28,0.0
2020-06-29,6.293380297602108
2020-06-30,0.0
2020-07-01,0.9220015852714353
2020-07-02,28.42317907759109
2020-07-03,0.17064768508011105
2020-07-04,0.002023218222355289
2020-07-05,3.714309069408186
2020-07-06,0.1768853602413738
2020-07-07,0.0
2020-07-08,0.0
2020-07-09,0.0
2020-07-10,0.005324668436418619
2020-07-11,0.002300119443778147
2020-07-12,0.2859065470475493
2020-07-13,12.989896993122356
2020-07-14,11.652107506682613
2020-07-15,0.07424230201747577
2020-07-16,2.7311998245531153
2020-07-17,0.8643417555090398
2020-07-18,0.854105851088501
2020-07-19,10.24291202492639
2020-07-20,3.8857980612078626
2020-07-21,0.0
2020-07-22,0.0
2020-07-23,0.0
2020-07-24,3.391471619331492
2020-07-25,0.0028772777976242116
2020-07-26,26.193552729365624
2020-07-27,0.01786142786376614
2020-07-28,0.0
2020-07-29,6.977786753549719
2020-07-30,0.014643137643969042
2020-07-31,0.009211411496441472
2020-08-01,0.0
2020-08-02,0.0
2020-08-03,0.0
2020-08-04,0.0
2020-08-05,0.0
2020-08-06,0.0
2020-08-07,0.0
2020-08-08,0.0
2020-08-09,0.0
2020-08-10,0.0
2020-08-11,0.0
2020-08-12,0.0
2020-08-13,0.29566549939009573
2020-08-14,3.894430645134321
2020-08-15,0.0
2020-08-16,0.0
2020-08-17,0.0
2020-08-18,7.006962455727252
2020-08-19,0.0
2020-08-20,4.608751213836929
2020-08-21,25.16945953210729
2020-08-22,12.212053684689836
2020-08-23,0.0
2020-08-24,0.0
2020-08-25,0.0
2020-08-26,0.0
2020-08-27,0.0
2020-08-28,0.0
2020-08-29,0.974317895236656
2020-08-30,3.2854145238100125
2020-08-31,6.3037049683577004
2020-09-01,5.874338541348265
2020-09-02,0.0
2020-09-03,0.0
2020-09-04,0.0
2020-09-05,2.037990670110148
2020-09-06,0.0
2020-09-07,0.0
2020-09-08,0.6882491680105145
2020-09-09,3.6152129254447587
2020-09-10,0.0
2020-09-11,0.0
2020-09-12,0.7492327926731237
2020-09-13,0.0
2020-09-14,0.21265000015573635
2020-09-15,2.897759345055547
2020-09-16,1.1897466539462942
2020-09-17,4.566914600523613
2020-09-18,3.350313893084587
2020-09-19,5.876029401799526
2020-09-20,0.18995058040250715
2020-09-21,0.0
2020-09-22,0.0
2020-09-23,13.38470196783959
2020-09-24,0.0
2020-09-25,0.0
2020-09-26,0.0
2020-09-27,0.8126557958245829
2020-09-28,0.027210797146819912
2020-09-29,0.45826233838767527
2020-09-30,0.0
2020-10-01,0.0
2020-10-02,0.0
2020-10-03,3.9462491692485444
2020-10-04,0.0
2020-10-05,0.0
2020-10-06,0.0
2020-10-07,0.0
2020-10-08,0.0
2020-10-09,0.0
2020-10-10,0.0
2020-10-11,0.0
2020-10-12,0.0
2020-10-13,0.0
2020-10-14,0.0
2020-10-15,0.0
2020-10-16,0.0
2020-10-17,0.0
2020-10-18,0.0
2020-10-19,1.1426389850403476
2020-10-20,0.0
2020-10-21,0.0
2020-10-22,0.051384894182532656
2020-10-23,0.0
2020-10-24,0.11746233243273389
2020-10-25,4.619967501760834
2020-10-26,1.1310720411078572
2020-10-27,8.634100932624843
2020-10-28,10.438032577978126
2020-10-29,3.4976928162916376
2020-10-30,4.806098713769769
2020-10-31,5.28074711190839
2020-11-01,0.2289448606881821
2020-11-02,0.0
2020-11-03,0.0
2020-11-04,0.0
2020-11-05,0.0
2020-11-06,0.16150636790547765
2020-11-07,3.4478212343934893
2020-11-08,0.012945856876497595
2020-11-09,0.0
2020-11-10,0.0
2020-11-11,1.2513263744906622
2020-11-12,0.07094903501362486
2020-11-13,1.6439819838853007
2020-11-14,2.2385808551204627
2020-11-15,7.12150013690539
2020-11-16,2.2768922739218747
2020-11-17,6.60461962080853
2020-11-18,4.522437098996542
2020-11-19,4.824652993510482
2020-11-20,1.8559006192253753
2020-11-21,11.264271361029683
2020-11-22,0.49559526582820257
2020-11-23,3.7752127912614832
2020-11-24,0.04236800462569169
2020-11-25,0.0
2020-11-26,0.46920861434541616
2020-11-27,6.209443570641807
2020-11-28,2.8365515450394874
2020-11-29,0.0
2020-11-30,0.39360101887487753
2020-12-01,4.008908304049514
2020-12-02,0.4562021317185927
2020-12-03,0.6507069067296131
2020-12-04,0.8324430102284224
2020-12-05,0.5570823792370364
2020-12-06,0.664417484716856
2020-12-07,0.20390263280932927
2020-12-08,14.823915050368733
2020-12-09,1.3218486307088206
2020-12-10,4.488168037770998
2020-12-11,2.648713632286025
2020-12-12,3.3166162015280913
2020-12-13,0.4010067982154546
2020-12-14,1.9250319497410222
2020-12-15,0.6641722617759549
2020-12-16,0.13541583302155485
2020-12-17,2.3967228255642024
2020-12-18,0.3841263348867261
2020-12-19,0.0
2020-12-20,0.0
2020-12-21,0.0
2020-12-22,0.5171906522360167
2020-12-23,1.645645048824015
2020-12-24,4.304552053172815
2020-12-25,6.638231858125537
2020-12-26,10.941317987495864
2020-12-27,1.8242173325024562
2020-12-28,15.771748371405636
2020-12-29,1.2072911176407104
2020-12-30,4.484608790017525
2020-12-31,0.7765143945116556
2021-01-01,2.85362907227069
2021-01-02,0.016625446900001395
2021-01-03,3.357512750437806
2021-01-04,13.050863510406296
2021-01-05,2.7636075848689194
2021-01-06,0.5060596087426378
2021-01-07,0.7061733448642553
2021-01-08,0.0
2021-01-09,0.0
2021-01-10,0.0
2021-01-11,0.0
2021-01-12,0.020540878676982233
2021-01-13,0.0
2021-01-14,0.0
2021-01-15,0.4394327922812339
2021-01-16,5.172931250777184
2021-01-17,0.0
2021-01-18,0.0
2021-01-19,0.3941281554844958
2021-01-20,4.2592142503410155
2021-01-21,0.0
2021-01-22,1.4344600344412135
2021-01-23,0.0
2021-01-24,0.07505832519362517
2021-01-25,0.2496431900625119
2021-01-26,11.294007342963925
2021-01-27,0.0
2021-01-28,0.18253340386919165
2021-01-29,1.56053356140094
2021-01-30,0.0021496586801528794
2021-01-31,0.0
2021-02-01,0.0641076324423759
2021-02-02,0.0
2021-02-03,0.15450006840220787
2021-02-04,2.5979280583317683
2021-02-05,7.061214280925582
2021-02-06,7.086499666591573
2021-02-07,0.0
2021-02-08,3.2895012319591435
2021-02-09,4.131569201684354
2021-02-10,9.990021382388326
2021-02-11,3.699036042880942
2021-02-12,0.0
2021-02-13,0.0
2021-02-14,0.9210147817390143
2021-02-15,3.191994707732975
2021-02-16,6.377663644440574
2021-02-17,0.0
2021-02-18,0.0
2021-02-19,0.0
2021-02-20,0.8324445447672019
2021-02-21,2.593677225593758
2021-02-22,2.0018834125585303
2021-02-23,15.217474788294831
2021-02-24,0.41534582642957163
2021-02-25,0.16517462575699002
2021-02-26,0.20344865640449492
2021-02-27,0.8860829260518511
2021-02-28,7.5307106304664595
2021-03-01,1.6227285462014995
2021-03-02,1.8112099703695033
2021-03-03,0.03396500886626724
2021-03-04,0.6230078901545741
2021-03-05,1.164842663037228
2021-03-06,0.5585103272140816
2021-03-07,0.0
2021-03-08,0.7552926365303729
2021-03-09,0.5634762169576978
2021-03-10,12.284106771180202
2021-03-11,17.74074489778708
2021-03-12,4.693508953475209
2021-03-13,3.283090904006212
2021-03-14,4.267477836137244
2021-03-15,6.016150084040663
2021-03-16,4.924415874416132
2021-03-17,4.01778669750859
2021-03-18,5.693266014024807
2021-03-19,12.532790710311092
2021-03-20,0.026339160833118005
2021-03-21,9.79300360086932
2021-03-22,0.0
2021-03-23,1.1011113972954787
2021-03-24,5.888906216471626
2021-03-25,1.2658002559536752
2021-03-26,0.0
2021-03-27,2.169521101698568
2021-03-28,0.0
2021-03-29,0.0
2021-03-30,0.0
2021-03-31,0.0
2021-04-01,0.0
2021-04-02,2.6289047193485704
2021-04-03,0.46677483902693756
2021-04-04,0.12525163404639153
2021-04-05,0.3516956259608984
2021-04-06,0.0
2021-04-07,0.0
2021-04-08,0.014792882259953984
2021-04-09,0.0
2021-04-10,0.0
2021-04-11,0.0632001932117823
2021-04-12,0.48058225935611587
2021-04-13,0.0765995467390405
2021-04-14,0.0
2021-04-15,0.007066278736094846
2021-04-16,3.67395214197218
2021-04-17,4.08267687560895
2021-04-18,0.0
2021-04-19,13.161976365390375
2021-04-20,0.04439297848341507
2021-04-21,0.005975417573853128
2021-04-22,0.0
2021-04-23,0.15119181118429267
2021-04-24,2.279277078892723
2021-04-25,0.021661351384116522
2021-04-26,0.0
2021-04-27,1.8822504342832203
2021-04-28,15.188564802448516
2021-04-29,0.0
2021-04-30,44.93504486773274
2021-05-01,1.0309503797648656
2021-05-02,0.24434450711962324
2021-05-03,18.564170320435156
2021-05-04,0.06253570347250964
2021-05-05,0.0
2021-05-06,0.39954737728630396
2021-05-07,19.419165537772038
2021-05-08,9.459506267564837
2021-05-09,0.0
2021-05-10,0.0
2021-05-11,0.0
2021-05-12,0.0
2021-05-13,0.0
2021-05-14,0.0
2021-05-15,0.0
2021-05-16,0.0
2021-05-17,0.022880018765714938
2021-05-18,25.228427834054525
2021-05-19,0.5135077059562045
2021-05-20,0.0
2021-05-21,0.0
2021-05-22,0.0
2021-05-23,0.0
2021-05-24,0.0
2021-05-25,0.0
2021-05-26,0.0
2021-05-27,0.0
2021-05-28,0.0
2021-05-29,0.0
2021-05-30,0.16479299873014763
2021-05-31,0.07306919118543177
2021-06-01,0.005442911486478367
2021-06-02,0.0
2021-06-03,0.0
2021-06-04,0.005654269368935228
2021-06-05,0.0
2021-06-06,0.0
2021-06-07,0.07735576977536944
2021-06-08,0.02804244671070309
2021-06-09,0.0
2021-06-10,0.3750918551736407
2021-06-11,2.9095325984694105
2021-06-12,0.06660149396594753
2021-06-13,32.674242552231604
2021-06-14,0.19153870907547393
2021-06-15,1.1487665594464131
2021-06-16,0.0
2021-06-17,0.0
2021-06-18,0.0
2021-06-19,0.0
2021-06-20,0.14082125588882344
2021-06-21,0.14798642418719604
2021-06-22,0.0
2021-06-23,0.0
2021-06-24,0.0
2021-06-25,0.0
2021-06-26,0.0
2021-06-27,0.027532481166684417
2021-06-28,1.276101034439202
2021-06-29,3.329807311628122
2021-06-30,0.604985885894083
2021-07-01,2.1349033153727706
2021-07-02,0.08056359455658009
2021-07-03,1.5952126008214533
2021-07-04,0.0
2021-07-05,0.0
2021-07-06,0.0
2021-07-07,0.0
2021-07-08,3.673730194682222
2021-07-09,0.0
2021-07-10,0.038461350262665714
2021-07-11,0.07184010885032355
2021-07-12,4.092004895196243
2021-07-13,0.0
2021-07-14,0.0
2021-07-15,0.0
2021-07-16,0.0
2021-07-17,0.0
2021-07-18,0.07099425676858888
2021-07-19,1.9030731842915736
2021-07-20,0.0
2021-07-21,0.3200495788703999
2021-07-22,6.397958239619823
2021-07-23,0.0
2021-07-24,0.0
2021-07-25,0.0
2021-07-26,0.0
2021-07-27,0.0
2021-07-28,0.06738519440835311
2021-07-29,0.005168447056296371
2021-07-30,9.476516746238907
2021-07-31,0.0
2021-08-01,0.0
2021-08-02,0.03896691841066431
2021-08-03,0.0
2021-08-04,0.0
2021-08-05,0.0
2021-08-06,0.0
2021-08-07,0.0
2021-08-08,0.0
2021-08-09,1.839636649557712
2021-08-10,2.9026730996963375
2021-08-11,2.786632937363865
2021-08-12,0.04618867041657813
2021-08-13,9.244382201622583
2021-08-14,0.0
2021-08-15,1.659327257039381
2021-08-16,0.9051827983099152
2021-08-17,0.10281764221559388
2021-08-18,4.030136226449374
2021-08-19,0.3853204547019661
2021-08-20,0.0
2021-08-21,0.3332158108922988
2021-08-22,0.0
2021-08-23,0.0
2021-08-24,0.0
2021-08-25,2.479946129675952
2021-08-26,0.08980800401905581
2021-08-27,13.612910401447264
2021-08-28,0.6882711129870309
2021-08-29,6.592591562206723
2021-08-30,5.576610949057242
2021-08-31,0.03594421907904243
2021-09-01,0.4521422882549926
2021-09-02,3.245531543205478
2021-09-03,0.14510620518510203
2021-09-04,1.4760229990369749
2021-09-05,0.0
2021-09-06,13.24052720656297
2021-09-07,0.0
2021-09-08,0.27983421851132273
2021-09-09,0.009887948500768741
2021-09-10,7.471520457035417
2021-09-11,3.172205362056751
2021-09-12,0.736969938548125
2021-09-13,0.0
2021-09-14,0.0
2021-09-15,0.72414075990869
2021-09-16,0.0
2021-09-17,0.0
2021-09-18,0.0
2021-09-19,0.0
2021-09-20,0.0
2021-09-21,0.0
2021-09-22,2.3082811954882336
2021-09-23,0.0
2021-09-24,0.0
2021-09-25,0.6525057274529624
2021-09-26,0.0
2021-09-27,0.0
2021-09-28,0.0
2021-09-29,0.008725388118570767
2021-09-30,1.0015312579453188
2021-10-01,0.05310076945636299
2021-10-02,0.09145437988722108
2021-10-03,0.0
2021-10-04,0.03531506450681707
2021-10-05,0.0
2021-10-06,1.176089488419157
2021-10-07,7.653420940162496e-05
2021-10-08,0.0
2021-10-09,0.0
2021-10-10,8.692004832885317
2021-10-11,0.022774016220754777
2021-10-12,0.5435025812028377
2021-10-13,0.5341937769985933
2021-10-14,1.6793764745634066
2021-10-15,10.84793738363782
2021-10-16,1.8957080165181466
2021-10-17,3.006743186084427
2021-10-18,2.343406131036831
2021-10-19,5.953543925011596
2021-10-20,4.376572694511544
2021-10-21,3.498567082670283
2021-10-22,3.7111285811404193
2021-10-23,2.8539699285313027
2021-10-24,1.9406856095468599
2021-10-25,3.8798128893815003
2021-10-26,13.915383947335105
2021-10-27,0.23367593504553855
2021-10-28,0.03162357550975707
2021-10-29,0.2707722227205919
2021-10-30,0.0
2021-10-31,0.0
2021-11-01,4.187108090430784
2021-11-02,2.2968392864529132
2021-11-03,8.13946213877162
2021-11-04,0.010064484772815583
2021-11-05,0.06784693908655505
2021-11-06,0.43358609180092783
2021-11-07,0.0
2021-11-08,9.571317041105088
2021-11-09,1.2448953316329103
2021-11-10,0.0896218536158319
2021-11-11,2.592683564690206
2021-11-12,0.1968377906260899
2021-11-13,0.019471671831842573
2021-11-14,0.23621043687068363
2021-11-15,2.2391043032230695
2021-11-16,0.3108165597835995
2021-11-17,3.5975151413443953
2021-11-18,3.759751841844851
2021-11-19,3.5989888658849574
2021-11-20,0.0
2021-11-21,1.1155798884808836
2021-11-22,0.03219465259955613
2021-11-23,0.00019227113538194178
2021-11-24,0.5212954687061941
2021-11-25,14.616676765837521
2021-11-26,1.8586291856402029
2021-11-27,0.19507569108147216
2021-11-28,0.0
2021-11-29,6.5194663376235225
2021-11-30,0.12064700299082531
2021-12-01,1.8598099460327613
2021-12-02,0.0
2021-12-03,3.96858749341856
2021-12-04,0.9829927109169784
2021-12-05,16.80312030649667
2021-12-06,13.716312277455323
2021-12-07,0.0
2021-12-08,0.0
2021-12-09,0.0
2021-12-10,0.022631484547903983
2021-12-11,2.8533564564132927
2021-12-12,0.0
2021-12-13,0.0
2021-12-14,0.0
2021-12-15,0.0
2021-12-16,0.0
2021-12-17,0.0
2021-12-18,0.0
2021-12-19,0.0
2021-12-20,0.0
2021-12-21,0.0
2021-12-22,6.7091433728573975
2021-12-23,0.0
2021-12-24,0.0
2021-12-25,0.0
2021-12-26,0.0
2021-12-27,7.209359461954421
2021-12-28,19.35737207427102
2021-12-29,33.477882134040165
2021-12-30,0.0
2021-12-31,0.0
2022-01-01,0.0
2022-01-02,0.0
2022-01-03,0.0
2022-01-04,0.028433608461306454
2022-01-05,0.0
2022-01-06,0.0
2022-01-07,0.0
2022-01-08,0.0
2022-01-09,0.0
2022-01-10,0.0
2022-01-11,0.0
2022-01-12,2.7098093391841895
2022-01-13,0.0
2022-01-14,0.07523922062766071
2022-01-15,7.096829998081738
2022-01-16,0.0
2022-01-17,0.0
2022-01-18,0.0
2022-01-19,0.0
2022-01-20,0.0
2022-01-21,0.0
2022-01-22,0.0
2022-01-23,0.0
2022-01-24,0.40379239092366126
2022-01-25,15.637769489036689
2022-01-26,23.469204432834804
2022-01-27,0.20848883767578205
2022-01-28,4.7435592836490335
2022-01-29,4.091520563360131
2022-01-30,11.414704641830143
2022-01-31,2.5292816122562725
2022-02-01,0.0
2022-02-02,0.0
2022-02-03,0.0
2022-02-04,0.0
2022-02-05,5.676560423165111
2022-02-06,16.04010170175785
2022-02-07,7.50871320475136
2022-02-08,5.587956982601549
2022-02-09,0.3869730668233636
2022-02-10,0.0
2022-02-11,0.9479024627277534
2022-02-12,0.3798767290538758
2022-02-13,2.4184025290814346
2022-02-14,7.908409788735155
2022-02-15,13.949801119165416
2022-02-16,13.805675271005994
2022-02-17,5.181453844941291
2022-02-18,1.6848320980295055
2022-02-19,1.3692847400643562
2022-02-20,0.0
2022-02-21,0.0
2022-02-22,0.0
2022-02-23,0.0
2022-02-24,0.0
2022-02-25,0.04692102381137641
2022-02-26,1.7996295591894262
2022-02-27,0.32379959848710566
2022-02-28,0.0
2022-03-01,0.0
2022-03-02,13.864125093134694
2022-03-03,1.1315413444453886
2022-03-04,3.4341474429687615
2022-03-05,4.993769569671611
2022-03-06,2.1275225627832666
2022-03-07,2.2198039584896594
2022-03-08,0.21455249287584394
2022-03-09,4.058194011339728
2022-03-10,1.3468570870107626
2022-03-11,2.0635877073875517
2022-03-12,4.035568497280394
2022-03-13,1.232899377142023
2022-03-14,12.344450544251352
2022-03-15,2.412765459652757
2022-03-16,1.5407495879819557
2022-03-17,0.2257091509404806
2022-03-18,0.07061061821435335
2022-03-19,12.995245046549185
2022-03-20,0.673948024207389
2022-03-21,16.079057934362577
2022-03-22,0.0847177401157339
2022-03-23,0.1746090310485386
2022-03-24,0.5362222788768792
2022-03-25,0.0
2022-03-26,4.546915858301743
2022-03-27,4.461761367255663
2022-03-28,2.534062376741022
2022-03-29,8.223350947125867
2022-03-30,3.5242620371982416
2022-03-31,5.666252644884446
2022-04-01,2.800833906002236
2022-04-02,13.585740849676881
2022-04-03,0.4862001110065057
2022-04-04,0.0
2022-04-05,0.0
2022-04-06,3.491368435350409
2022-04-07,2.245530172182252
2022-04-08,0.0
2022-04-09,19.47926757296565
2022-04-10,0.2052046635559109
2022-04-11,0.6002308651466604
2022-04-12,0.0
2022-04-13,3.335540671636113
2022-04-14,2.1354921352071545
2022-04-15,0.9808439805395864
2022-04-16,0.0
2022-04-17,7.593921945473309
2022-04-18,2.454268345863004
2022-04-19,0.1744528073012272
2022-04-20,9.699624805700848
2022-04-21,7.1691998926535225
2022-04-22,6.794139796048504
2022-04-23,6.813879203356605
2022-04-24,3.422196024718421
2022-04-25,0.0
2022-04-26,0.0
2022-04-27,0.0
2022-04-28,2.7118809221660487
2022-04-29,3.6471572172708218
2022-04-30,4.0036346604256785
2022-05-01,0.0
2022-05-02,0.0
2022-05-03,0.00013730710128799614
2022-05-04,0.0
2022-05-05,0.49469220124168783
2022-05-06,0.03141176032225721
2022-05-07,0.0
2022-05-08,0.23113492585108075
2022-05-09,0.0
2022-05-10,0.0
2022-05-11,0.0
2022-05-12,0.09680493276287461
2022-05-13,0.06975374658665953
2022-05-14,0.0
2022-05-15,0.0
2022-05-16,2.7728674190368574
2022-05-17,6.3331910806709315
2022-05-18,28.459356520076827
2022-05-19,0.013323631432018115
2022-05-20,0.0
2022-05-21,0.0
2022-05-22,0.30311212046489744
2022-05-23,0.02730352122472392
2022-05-24,0.0
2022-05-25,0.0
2022-05-26,0.0
2022-05-27,0.0
2022-05-28,0.0
2022-05-29,0.0
2022-05-30,0.029700969333180626
2022-05-31,0.0
2022-06-01,0.16374222538884806
2022-06-02,1.8220714078331977
2022-06-03,17.95654100226652
2022-06-04,24.477751846630753
2022-06-05,4.732764399562406
2022-06-06,7.662603626861978
2022-06-07,8.336906439029052
2022-06-08,33.10318812150924
2022-06-09,3.592754898863793
2022-06-10,5.8291410874908705
2022-06-11,0.0
2022-06-12,0.0
2022-06-13,0.0
2022-06-14,0.0
2022-06-15,0.0
2022-06-16,0.0064939854744641735
2022-06-17,3.0171850220729577
2022-06-18,13.621318739733827
2022-06-19,15.958466199435387
2022-06-20,6.5536728545220875
2022-06-21,0.42659486166110355
2022-06-22,0.4049440852008763
2022-06-23,0.0
2022-06-24,0.0
2022-06-25,0.0
2022-06-26,0.0
2022-06-27,0.0
2022-06-28,0.0
2022-06-29,0.0
2022-06-30,0.5852462097305109
2022-07-01,0.0
2022-07-02,0.0
2022-07-03,0.340198291368132
2022-07-04,0.5142046709053714
2022-07-05,0.0
2022-07-06,0.0
2022-07-07,0.0
2022-07-08,0.0
2022-07-09,3.776114391455428
2022-07-10,0.0
2022-07-11,0.0
2022-07-12,0.3515480551425618
2022-07-13,0.0
2022-07-14,0.0
2022-07-15,0.13440684050141374
2022-07-16,0.0
2022-07-17,0.0
2022-07-18,0.0
2022-07-19,0.9209716654978277
2022-07-20,0.0
2022-07-21,0.0
2022-07-22,0.0
2022-07-23,0.605934779627128
2022-07-24,0.0
2022-07-25,2.5052315368373668
2022-07-26,22.58799235279963
2022-07-27,4.3224316864937204
2022-07-28,0.0
2022-07-29,0.0
2022-07-30,0.0
2022-07-31,0.0
2022-08-01,0.0
2022-08-02,0.0
2022-08-03,0.0
2022-08-04,0.0
2022-08-05,1.6424222247105744
2022-08-06,5.034421788180117
2022-08-07,0.0
2022-08-08,0.0
2022-08-09,0.0
2022-08-10,0.13957764158708202
2022-08-11,15.099339471447731
2022-08-12,0.0
2022-08-13,0.0
2022-08-14,0.0
2022-08-15,0.3025087557789679
2022-08-16,0.0
2022-08-17,0.0
2022-08-18,0.3269988230962465
2022-08-19,4.866584433633194
2022-08-20,10.810539869564556
2022-08-21,0.0
2022-08-22,0.0
2022-08-23,0.0
2022-08-24,0.0
2022-08-25,0.0
2022-08-26,0.0
2022-08-27,0.0
2022-08-28,0.0
2022-08-29,14.811406069373149
2022-08-30,2.418453804064399
2022-08-31,0.0
2022-09-01,0.0
2022-09-02,0.0
2022-09-03,0.17355784406617783
2022-09-04,0.0
2022-09-05,0.0
2022-09-06,0.0
2022-09-07,0.0
2022-09-08,0.0
2022-09-09,0.0
2022-09-10,7.116328595001702
2022-09-11,0.0
2022-09-12,0.0
2022-09-13,0.0
2022-09-14,2.1636507837665175
2022-09-15,5.801116090161581
2022-09-16,15.085241478403754
2022-09-17,0.0
2022-09-18,0.844813654384223
2022-09-19,2.3082389119030253
2022-09-20,5.6973071556676045
2022-09-21,3.250902257116979
2022-09-22,3.023912232446578
2022-09-23,8.704187909734953
2022-09-24,7.139353553107232
2022-09-25,4.0447492881923255
2022-09-26,3.992659483492084
2022-09-27,0.0017090823435525753
2022-09-28,1.332797264796904
2022-09-29,2.143006651056622
2022-09-30,10.475860799272976
2022-10-01,5.698898606190072
2022-10-02,0.03552583258895205
2022-10-03,0.0
2022-10-04,0.0
2022-10-05,0.5813183671286102
2022-10-06,0.9911443999836624
2022-10-07,11.524001776357316
2022-10-08,3.092236407080294
2022-10-09,0.0
2022-10-10,0.0
2022-10-11,0.09797181647948522
2022-10-12,0.026327517807681406
2022-10-13,0.8391247307713209
2022-10-14,0.02541216136152524
2022-10-15,7.998278832409243
2022-10-16,0.0
2022-10-17,0.0
2022-10-18,0.34510384163985414
2022-10-19,6.155908487966292
2022-10-20,1.86052217725961
2022-10-21,0.96444072609068
2022-10-22,0.7846451339515701
2022-10-23,0.1186232739155891
2022-10-24,11.829354002658437
2022-10-25,1.67859675551438
2022-10-26,1.7331772672623218
2022-10-27,3.8400457416778813
2022-10-28,7.610381848839648
2022-10-29,1.715209109930196
2022-10-30,0.05070305335068174
2022-10-31,0.0
2022-11-01,0.0
2022-11-02,11.411594157403707
2022-11-03,0.0
2022-11-04,0.5523391019635248
2022-11-05,0.49362890546979243
2022-11-06,0.0
2022-11-07,0.0
2022-11-08,3.080822690033653
2022-11-09,1.229530169997886
2022-11-10,3.3511316291731092
2022-11-11,3.880038514024068
2022-11-12,3.9947334262333714
2022-11-13,0.0
2022-11-14,0.0001721112887371266
2022-11-15,2.032642686759416
2022-11-16,5.327047120615237
2022-11-17,0.4261515674048518
2022-11-18,0.0
2022-11-19,0.0
2022-11-20,0.0
2022-11-21,4.084229395007721
2022-11-22,0.0
2022-11-23,1.0909172328638166
2022-11-24,0.0
2022-11-25,0.0
2022-11-26,3.774836886743319
2022-11-27,1.020832687005619
2022-11-28,0.0
2022-11-29,0.511292551738039
2022-11-30,2.588987537390473
2022-12-01,0.5396802217554288
2022-12-02,0.2126329039062155
2022-12-03,0.3778740756862784
2022-12-04,0.0
2022-12-05,0.0
2022-12-06,0.0
2022-12-07,0.0
2022-12-08,0.0
2022-12-09,0.0
2022-12-10,0.03211279745379933
2022-12-11,1.7255308492053034
2022-12-12,0.0
2022-12-13,5.595613870666053
2022-12-14,3.9592209995245904
2022-12-15,0.0
2022-12-16,5.085865767734756
2022-12-17,1.6482428351091
2022-12-18,0.7322202139881513
2022-12-19,0.11423659913077613
2022-12-20,0.0
2022-12-21,0.0
2022-12-22,0.0
2022-12-23,2.809059573053413
2022-12-24,0.0
2022-12-25,2.4206817799634526
2022-12-26,0.0
2022-12-27,0.23134296034581883
2022-12-28,0.0
2022-12-29,0.0
2022-12-30,1.6808182773619706
2022-12-31,13.759267069470352
2023-01-01,6.914274571164015
2023-01-02,7.340591710667614
2023-01-03,0.0
2023-01-04,0.6410372636039023
2023-01-05,18.315427384059483
2023-01-06,5.58213398014962
2023-01-07,5.905459463818618
2023-01-08,0.0
2023-01-09,0.021453691539132104
2023-01-10,0.1881538439904303
2023-01-11,3.5110744536824003
2023-01-12,0.22142092516413125
2023-01-13,0.7996308254033551
2023-01-14,1.3745928332824873
2023-01-15,15.587203156427677
2023-01-16,1.4484984374379668
2023-01-17,2.6848432645009734
2023-01-18,6.509175950161756
2023-01-19,9.082726296442454
2023-01-20,0.654084102468199
2023-01-21,0.0
2023-01-22,0.0
2023-01-23,0.0
2023-01-24,0.0
2023-01-25,0.0
2023-01-26,0.0
2023-01-27,0.0
2023-01-28,0.0
2023-01-29,0.04647209439965256
2023-01-30,0.0
2023-01-31,0.19164634523898144
2023-02-01,0.0
2023-02-02,0.1244164212906756
2023-02-03,0.0
2023-02-04,0.0
2023-02-05,0.0
2023-02-06,0.16770623509576424
2023-02-07,0.1223706181766291
2023-02-08,0.0
2023-02-09,0.0
2023-02-10,0.0
2023-02-11,0.0
2023-02-12,0.0
2023-02-13,1.933899568983564
2023-02-14,0.14609168989025667
2023-02-15,46.028178944502564
2023-02-16,4.8365199288724385
2023-02-17,11.569223750639733
2023-02-18,5.0779109893848
2023-02-19,1.363869473594409
2023-02-20,1.1591814424622338
2023-02-21,7.34445733415759
2023-02-22,0.38474286329835156
2023-02-23,0.0
2023-02-24,0.0
2023-02-25,7.421456905156588
2023-02-26,0.7070256515668117
2023-02-27,5.249791810681555
2023-02-28,2.495747235273834
2023-03-01,0.0
2023-03-02,0.05348206918284412
2023-03-03,0.0
2023-03-04,0.0
2023-03-05,4.547415935855482
2023-03-06,0.9139701824671987
2023-03-07,1.1229479684186419
2023-03-08,4.159999750935128
2023-03-09,7.553771518672003
2023-03-10,20.83596109892372
2023-03-11,7.296229256788868
2023-03-12,8.516805574826243
2023-03-13,6.647788128370318
2023-03-14,13.36310307261517
2023-03-15,2.875058684514988
2023-03-16,3.8532784074636752
2023-03-17,11.554756542347436
2023-03-18,3.7474201264848217
2023-03-19,16.472148150204905
2023-03-20,1.7677737614874185
2023-03-21,2.4644736972210914
2023-03-22,0.01684726907110684
2023-03-23,0.7646343458810335
2023-03-24,7.476879611076014
2023-03-25,7.689329354350117
2023-03-26,0.0
2023-03-27,0.0
2023-03-28,0.0
2023-03-29,0.0
2023-03-30,1.1654259604605337
2023-03-31,11.509341850787408
2023-04-01,0.0
2023-04-02,0.0
2023-04-03,2.252784054904725
2023-04-04,11.694315037289707
2023-04-05,13.112629203867286
2023-04-06,21.486043238486698
2023-04-07,0.024262663028078817
2023-04-08,15.153926040381153
2023-04-09,0.45847094214652795
2023-04-10,9.356454619491187
2023-04-11,0.060076623154458386
2023-04-12,5.375058629598444
2023-04-13,2.065198727664652
2023-04-14,22.21200575780423
2023-04-15,5.6656035822122135
2023-04-16,22.435748404627237
2023-04-17,42.066750126788364
2023-04-18,0.018441703065273055
2023-04-19,0.17245608486994696
2023-04-20,3.8097192897203818
2023-04-21,3.1671253419232617
2023-04-22,5.251929408025341
2023-04-23,29.3763427321968
2023-04-24,4.876683982992678
2023-04-25,17.085373778698056
2023-04-26,4.5120008586112315
2023-04-27,0.0
2023-04-28,0.0
2023-04-29,0.0
2023-04-30,0.0
2023-05-01,0.0
2023-05-02,0.0
2023-05-03,0.0
2023-05-04,0.0
2023-05-05,0.0
2023-05-06,0.4637890183257823
2023-05-07,0.0
2023-05-08,0.0
2023-05-09,0.5850110977556447
2023-05-10,0.008240690725628236
2023-05-11,3.882404687642865
2023-05-12,4.111960811250151
2023-05-13,0.0
2023-05-14,0.0
2023-05-15,0.0
2023-05-16,0.0
2023-05-17,0.0
2023-05-18,0.0
2023-05-19,0.0
2023-05-20,3.402499214070316
2023-05-21,0.0
2023-05-22,0.0
2023-05-23,31.38723629134584
2023-05-24,0.11149481151018878
2023-05-25,0.1416690684238821
2023-05-26,0.0
2023-05-27,0.7605225270606095
2023-05-28,7.408165384303192
2023-05-29,0.0
2023-05-30,0.0
2023-05-31,3.6250374075233474
2023-06-01,0.3956058750381902
2023-06-02,0.0
2023-06-03,0.0
2023-06-04,3.348856452044113
2023-06-05,0.03575509882948189
2023-06-06,0.0
2023-06-07,0.30053745268473997
2023-06-08,0.7574639930121071
2023-06-09,0.0
2023-06-10,0.0
2023-06-11,0.0
2023-06-12,0.0
2023-06-13,0.0
2023-06-14,2.928891022614899
2023-06-15,5.63023001978886
2023-06-16,11.550356331503876
2023-06-17,0.0
2023-06-18,0.0
2023-06-19,0.0
2023-06-20,0.0
2023-06-21,0.5537038568445951
2023-06-22,0.0
2023-06-23,0.0
2023-06-24,3.51624069121199
2023-06-25,5.245701570257093
2023-06-26,1.8259223675869762
2023-06-27,0.0
2023-06-28,0.0
2023-06-29,7.909370244925064
2023-06-30,0.7925851891142499
2023-07-01,0.0
2023-07-02,0.0
2023-07-03,0.0
2023-07-04,0.0
2023-07-05,1.8455195898920291
2023-07-06,1.9979281258875317
2023-07-07,0.0745030589752488
2023-07-08,63.20509195464068
2023-07-09,9.106764301940602
2023-07-10,0.0
2023-07-11,0.0
2023-07-12,0.0
2023-07-13,0.0
2023-07-14,0.0
2023-07-15,0.0
2023-07-16,0.0
2023-07-17,0.0
2023-07-18,0.0
2023-07-19,0.0
2023-07-20,0.009743280641651687
2023-07-21,0.03474680146640815
2023-07-22,0.2795421314125069
2023-07-23,0.0
2023-07-24,0.0
2023-07-25,0.0
2023-07-26,0.0
2023-07-27,0.0
2023-07-28,0.0
2023-07-29,0.1743425705784997
2023-07-30,0.0
2023-07-31,0.0
2023-08-01,0.0
2023-08-02,0.0
2023-08-03,0.0
2023-08-04,0.0
2023-08-05,0.0
2023-08-06,0.0
2023-08-07,0.0
2023-08-08,0.0
2023-08-09,0.0
2023-08-10,0.0
2023-08-11,0.0
2023-08-12,0.0
2023-08-13,0.0
2023-08-14,0.0
2023-08-15,0.0
2023-08-16,0.0
2023-08-17,0.0
2023-08-18,0.0
2023-08-19,0.0
2023-08-20,4.783123843168351
2023-08-21,2.9844889287861323
2023-08-22,1.4828046285171856
2023-08-23,1.1275959229734625
2023-08-24,0.0
2023-08-25,7.074682381271859
2023-08-26,0.0
2023-08-27,0.0
2023-08-28,26.531091909796963
2023-08-29,0.0
2023-08-30,2.0561593076446414
2023-08-31,0.5757699797631005
2023-09-01,0.0
2023-09-02,0.0
2023-09-03,0.0
2023-09-04,0.07040143047218152
2023-09-05,1.803211028409353
2023-09-06,2.8601048985747757
2023-09-07,0.0
2023-09-08,0.0
2023-09-09,0.0
2023-09-10,0.0
2023-09-11,0.035025439279106306
2023-09-12,0.01979594693656103
2023-09-13,0.3995045539987981
2023-09-14,0.1721630609251736
2023-09-15,1.3659853404250883
2023-09-16,0.0
2023-09-17,0.0
2023-09-18,0.0
2023-09-19,0.9938036297875635
2023-09-20,2.907528515459804
2023-09-21,4.790450863806446
2023-09-22,0.2738969687772908
2023-09-23,0.0
2023-09-24,0.0
2023-09-25,2.799067944228654
2023-09-26,0.0
2023-09-27,2.563053278789193
2023-09-28,4.631648851440023
2023-09-29,0.15712925608241185
2023-09-30,3.945350198261296
2023-10-01,0.2521966577398017
2023-10-02,0.0
2023-10-03,0.0
2023-10-04,3.1623438315018744
2023-10-05,2.3170920101958994
2023-10-06,3.7713271071904515
2023-10-07,1.4990303951513202
2023-10-08,2.0312936229220373
2023-10-09,2.855089736532285
2023-10-10,5.3329287143274495
2023-10-11,0.0
2023-10-12,0.0
2023-10-13,0.0
2023-10-14,14.336386156803533
2023-10-15,0.0
2023-10-16,0.0
2023-10-17,0.0
2023-10-18,0.0
2023-10-19,0.0
2023-10-20,0.0
2023-10-21,0.0
2023-10-22,0.07282862051726481
2023-10-23,0.0
2023-10-24,1.3982331084186403
2023-10-25,2.41341085238807
2023-10-26,1.2374423853249288
2023-10-27,5.813934730201137
2023-10-28,3.322558454061158
2023-10-29,15.74751368642171
2023-10-30,2.790302591200669
2023-10-31,6.334742672249361
2023-11-01,2.131326808667594
2023-11-02,9.339083607908139
2023-11-03,0.0
2023-11-04,2.787279324571046
2023-11-05,0.35567516635547614
2023-11-06,0.15606028707246822
2023-11-07,0.0
2023-11-08,0.0
2023-11-09,0.5021099305261156
2023-11-10,0.0
2023-11-11,0.0
2023-11-12,0.0
2023-11-13,0.0
2023-11-14,2.724479208266744
2023-11-15,0.43026602603944747
2023-11-16,0.19765129626292305
2023-11-17,0.0
2023-11-18,2.0669570471447662
2023-11-19,1.503539339165445
2023-11-20,12.485290996686684
2023-11-21,3.7031931245567917
2023-11-22,4.164722823604168
2023-11-23,6.843304010861579
2023-11-24,5.769879126361972
2023-11-25,2.393315435148639
2023-11-26,1.4882722488530136
2023-11-27,1.8629566921395861
2023-11-28,0.0
2023-11-29,0.0
2023-11-30,0.0
2023-12-01,0.834241300869686
2023-12-02,0.07736265742632652
2023-12-03,0.0
2023-12-04,0.0
2023-12-05,0.0
2023-12-06,0.0
2023-12-07,0.0
2023-12-08,0.0
2023-12-09,0.0
2023-12-10,0.0
2023-12-11,0.0
2023-12-12,0.0
2023-12-13,0.0
2023-12-14,0.0
2023-12-15,0.0
2023-12-16,0.23491085459983332
2023-12-17,23.514805132026257
2023-12-18,8.667695371515034
2023-12-19,3.2506604832716386
2023-12-20,3.5534353088110286
2023-12-21,4.213322566949129
2023-12-22,8.813135575143669
2023-12-23,0.6295709471011154
2023-12-24,0.9494097487319484
2023-12-25,0.5213799702796679
2023-12-26,1.5391063832553462
2023-12-27,14.388479862067737
2023-12-28,8.436019243264097
2023-12-29,4.394655407264597
2023-12-30,3.2526836962940306
2023-12-31,37.33318701625762
2024-01-01,7.738110850054394
2024-01-02,9.078645976489282
2024-01-03,3.5454145738120015
2024-01-04,1.0807783228388794
2024-01-05,2.184834473618108
2024-01-06,0.1352246701401845
2024-01-07,0.0
2024-01-08,0.0
2024-01-09,0.0
2024-01-10,0.0
2024-01-11,2.9764633148840596
2024-01-12,8.006029527032329
2024-01-13,1.1942240605283518
2024-01-14,6.096712591047721
2024-01-15,7.277600322298849
2024-01-16,0.0
2024-01-17,0.0
2024-01-18,0.0
2024-01-19,0.10052609476760323
2024-01-20,0.3627718974233439
2024-01-21,0.0
2024-01-22,0.0
2024-01-23,0.0
2024-01-24,0.0
2024-01-25,0.0
2024-01-26,0.0
2024-01-27,0.0
2024-01-28,0.3690826132267056
2024-01-29,3.5534890748623
2024-01-30,1.0787830986314821
2024-01-31,16.15082454703834
2024-02-01,24.91592740658055
2024-02-02,1.4810783428278926
2024-02-03,8.518386195822975
2024-02-04,9.154793419080788
2024-02-05,0.6478075486498573
2024-02-06,0.0
2024-02-07,0.8192205918221445
2024-02-08,1.0447497238953658
2024-02-09,19.071093990194534
2024-02-10,0.5012878741140554
2024-02-11,0.0
2024-02-12,0.5980348027212727
2024-02-13,0.02796634097375626
2024-02-14,0.0
2024-02-15,0.5240555350658144
2024-02-16,0.6497876766364501
2024-02-17,0.0
2024-02-18,0.0
2024-02-19,0.0010527680403338716
2024-02-20,11.170106376773782
2024-02-21,1.8587187359288888
2024-02-22,0.0
2024-02-23,27.42617652660969
2024-02-24,0.5879582117504898
2024-02-25,0.1669528488663761
2024-02-26,1.1675469110935537
2024-02-27,0.07461927737179547
2024-02-28,0.008403799033088128
2024-02-29,6.225304727697025
2024-03-01,8.805397042200948
2024-03-02,0.8521542041253429
2024-03-03,0.0
2024-03-04,1.926582822204407
2024-03-05,0.11647254273046834
2024-03-06,0.0
2024-03-07,0.0
2024-03-08,1.3831660372984902
2024-03-09,0.0
2024-03-10,0.0
2024-03-11,0.0
2024-03-12,0.0
2024-03-13,0.1942578220643417
2024-03-14,0.0
2024-03-15,0.0
2024-03-16,0.0
2024-03-17,0.0
2024-03-18,6.681046256768751
2024-03-19,2.3866307135876736
2024-03-20,0.6299522658716893
2024-03-21,3.5275121820457365
2024-03-22,18.54939946020317
2024-03-23,0.3854302322236554
2024-03-24,2.4224874154008464
2024-03-25,1.498154841176039
2024-03-26,7.487905004643061
2024-03-27,0.6581285180640081
2024-03-28,0.0
2024-03-29,2.5150441676339685
2024-03-30,0.0
2024-03-31,0.0
2024-04-01,16.769818906685554
2024-04-02,10.249309894261863
2024-04-03,2.561108565915571
2024-04-04,0.0
2024-04-05,0.14696272117958134
2024-04-06,0.0
2024-04-07,0.0
2024-04-08,0.0
2024-04-09,0.0
2024-04-10,0.0
2024-04-11,0.9194641401347696
2024-04-12,0.502239289225912
2024-04-13,0.589772341589511
2024-04-14,0.5034183983878185
2024-04-15,0.995824338479499
2024-04-16,0.0
2024-04-17,0.0
2024-04-18,0.037247813808422396
2024-04-19,15.416520085853204
2024-04-20,0.4747903390544736
2024-04-21,0.5487813501950615
2024-04-22,1.782275338101448
2024-04-23,1.9552568560378303
2024-04-24,13.866737210610061
2024-04-25,2.338096941768053
2024-04-26,0.0
2024-04-27,0.3505660899652581
2024-04-28,0.546178581086203
2024-04-29,0.3933902028235055
2024-04-30,4.018045475765489
2024-05-01,0.0
2024-05-02,0.0
2024-05-03,1.0901591528685708
2024-05-04,0.7288321210051066
2024-05-05,3.070718817802534
2024-05-06,0.0
2024-05-07,0.0
2024-05-08,0.3242278379644895
2024-05-09,0.0
2024-05-10,0.1734845344283717
2024-05-11,0.48372066579386613
2024-05-12,0.0
2024-05-13,0.28255783731571726
2024-05-14,0.06618458481504505
2024-05-15,0.002049758563705734
2024-05-16,3.220683347053325
2024-05-17,1.5224480949014623
2024-05-18,2.783882206039894
2024-05-19,1.628050436613837
2024-05-20,5.972173432755451
2024-05-21,0.20487101243007452
2024-05-22,0.0
2024-05-23,0.0
2024-05-24,0.8714326671793038
2024-05-25,17.716063141859284
2024-05-26,1.1021092797106518
2024-05-27,0.0
2024-05-28,1.830320233006064
2024-05-29,0.0
2024-05-30,0.0
2024-05-31,0.0
2024-06-01,0.0
2024-06-02,0.0
2024-06-03,0.0
2024-06-04,0.0
2024-06-05,0.0
2024-06-06,0.0
2024-06-07,0.0
2024-06-08,0.0
2024-06-09,0.0
2024-06-10,0.0
2024-06-11,3.2314287321644883
2024-06-12,4.4100867935389045
2024-06-13,3.352765853607274
2024-06-14,3.3771333426354198
2024-06-15,5.224452010301175
2024-06-16,19.95158176961973
2024-06-17,0.0
2024-06-18,0.0
2024-06-19,0.0
2024-06-20,0.0
2024-06-21,0.0
2024-06-22,0.0
2024-06-23,0.0
2024-06-24,0.3648845942399671
2024-06-25,23.3496374718748
2024-06-26,0.0
2024-06-27,0.0
2024-06-28,0.0
2024-06-29,0.0
2024-06-30,1.3256688744332472
2024-07-01,0.0
2024-07-02,1.7065761389374592
2024-07-03,0.0
2024-07-04,0.0
2024-07-05,0.0
2024-07-06,4.80589282348413
2024-07-07,0.4821858553297506
2024-07-08,0.0
2024-07-09,0.0
2024-07-10,0.0
2024-07-11,0.0
2024-07-12,0.0
2024-07-13,24.383335484792646
2024-07-14,0.1458836992502218
2024-07-15,0.0
2024-07-16,0.9354641835072447
2024-07-17,0.0
2024-07-18,0.0
2024-07-19,0.0
2024-07-20,0.0
2024-07-21,0.0
2024-07-22,0.055344020972837395
2024-07-23,0.13450470027470787
2024-07-24,0.0
2024-07-25,0.0
2024-07-26,0.0
2024-07-27,0.0
2024-07-28,0.0
2024-07-29,0.0
2024-07-30,1.921290357199887
2024-07-31,0.0
2024-08-01,0.0
2024-08-02,0.0
2024-08-03,0.0
2024-08-04,0.0
2024-08-05,0.0
2024-08-06,0.20868796253054012
2024-08-07,0.0
2024-08-08,0.0
2024-08-09,2.444854261925469
2024-08-10,1.7157534496606337
2024-08-11,1.2252108975752345
2024-08-12,0.0
2024-08-13,0.0
2024-08-14,0.0
2024-08-15,0.0
2024-08-16,0.0
2024-08-17,0.0
2024-08-18,0.0
2024-08-19,0.0
2024-08-20,0.0
2024-08-21,5.389742377641397
2024-08-22,0.027679235511004766
2024-08-23,1.126865438517619
2024-08-24,2.1386103789746875
2024-08-25,1.727317769342029
2024-08-26,10.746376714136948
2024-08-27,6.441035068924502
2024-08-28,1.1262968379196145
2024-08-29,0.0020177723973249084
2024-08-30,0.00010680247240365311
2024-08-31,0.0002441676204346982
2024-09-01,0.0
2024-09-02,0.0
2024-09-03,0.0
2024-09-04,0.0
2024-09-05,0.0
2024-09-06,0.0
2024-09-07,0.0
2024-09-08,0.0
2024-09-09,0.0
2024-09-10,0.0
2024-09-11,0.011472838046302255
2024-09-12,0.7754690209197059
2024-09-13,1.2039866881452106
2024-09-14,0.0214456113300364
2024-09-15,3.4646235799502216
2024-09-16,9.016091042287666
2024-09-17,0.0
2024-09-18,0.0
2024-09-19,0.0
2024-09-20,0.0
2024-09-21,0.0
2024-09-22,0.0
2024-09-23,0.0
2024-09-24,0.0
2024-09-25,0.0
2024-09-26,0.05607959532674345
2024-09-27,11.485625235217599
2024-09-28,14.003292159198592
2024-09-29,4.371511487268831
2024-09-30,3.183170612763229
2024-10-01,10.337166600756548
2024-10-02,2.1635875556212776
2024-10-03,0.9000972569879913
2024-10-04,0.3751321594929756
2024-10-05,7.239190096984519
2024-10-06,0.0
2024-10-07,0.0
2024-10-08,2.696224565907394
2024-10-09,0.40776985752872275
2024-10-10,2.876805272867597
2024-10-11,9.717279669486993
2024-10-12,0.031056348064115565
2024-10-13,0.0
2024-10-14,1.447668764419175
2024-10-15,0.006607199266058241
2024-10-16,0.0
2024-10-17,0.0
2024-10-18,0.4235330366980055
2024-10-19,0.0
2024-10-20,0.5853049577725533
2024-10-21,0.0
2024-10-22,0.0
2024-10-23,1.9558565681340758
2024-10-24,0.0
2024-10-25,0.0
2024-10-26,0.01144242114471923
2024-10-27,0.0
2024-10-28,12.5813612585317
2024-10-29,0.03686265953512182
2024-10-30,0.0
2024-10-31,0.5078941285575139
2024-11-01,3.6973216224916596
2024-11-02,6.4119461327724565
2024-11-03,7.430679017969114
2024-11-04,4.950004068724708
2024-11-05,5.345863790469227
2024-11-06,7.8625642103220255
2024-11-07,1.0878029271994964
2024-11-08,11.872517538623772
2024-11-09,7.298429843824258
2024-11-10,5.910508977899305
2024-11-11,0.42116894189199017
2024-11-12,0.9091245302987838
2024-11-13,0.8103764553035064
2024-11-14,17.158829332118817
2024-11-15,0.0
2024-11-16,0.07001578441814005
2024-11-17,0.7334293763480422
2024-11-18,0.0
2024-11-19,0.0
2024-11-20,0.5751427215337613
2024-11-21,19.632802489145877
2024-11-22,1.6470319509949372
2024-11-23,2.4671609209915686
2024-11-24,0.435047856550246
2024-11-25,0.0
2024-11-26,0.4773052746869899
2024-11-27,12.183296709513012
2024-11-28,1.6779755191113241
2024-11-29,0.0
2024-11-30,0.0
2024-12-01,0.0
2024-12-02,0.0
2024-12-03,0.03661305006371104
2024-12-04,0.002061438824691074
2024-12-05,8.964969308270351
2024-12-06,0.8576438874325307
2024-12-07,3.422141897558613
2024-12-08,0.31927854148757584
2024-12-09,0.28877986048770293
2024-12-10,12.901403968447449
2024-12-11,0.0
2024-12-12,0.0
2024-12-13,6.460381355475916
2024-12-14,5.2088700048060135
2024-12-15,1.3697562242281807
2024-12-16,0.0545378849623784
2024-12-17,0.0
2024-12-18,0.0
2024-12-19,0.0
2024-12-20,0.0
2024-12-21,0.28847926352340064
2024-12-22,0.0
2024-12-23,0.0
2024-12-24,1.8480373720751058
2024-12-25,4.498820333411502
2024-12-26,0.0
2024-12-27,30.491141570959837
2024-12-28,18.021761204016553
2024-12-29,0.1391950654464085
2024-12-30,0.0
2024-12-31,0.0
2025-01-01,0.0
2025-01-02,0.11641129806115032
2025-01-03,0.0
2025-01-04,0.0
2025-01-05,1.6450824575996585
2025-01-06,4.254361993165851
2025-01-07,0.6408658701849076
2025-01-08,9.22203357654835
2025-01-09,1.542911422361198
2025-01-10,3.014809075741644
2025-01-11,2.134841158258616
2025-01-12,4.4645379434399715
2025-01-13,3.682533819878142
2025-01-14,4.07226671762327
2025-01-15,4.099164748687287
2025-01-16,7.847560285881029
2025-01-17,10.569355022704476
2025-01-18,6.564371886856205
2025-01-19,0.07028594900068894
2025-01-20,0.22750012215997398
2025-01-21,1.742089450767608
2025-01-22,1.333350312735787
2025-01-23,0.4403602014639403
2025-01-24,1.1446779783086531
2025-01-25,3.9504237968472946
2025-01-26,0.0
2025-01-27,0.0
2025-01-28,0.0
2025-01-29,0.0
2025-01-30,0.0
2025-01-31,0.0
2025-02-01,0.0
2025-02-02,0.0
2025-02-03,0.09911184790184746
2025-02-04,0.310136859474122
2025-02-05,0.0
2025-02-06,6.092127562118939
2025-02-07,7.952004280852765
2025-02-08,4.589442689800291
2025-02-09,2.6780297103226696
2025-02-10,10.859661391619285
2025-02-11,3.994502517219667
2025-02-12,12.904054165032324
2025-02-13,0.0
2025-02-14,0.703414784676411
2025-02-15,3.735387257053479
2025-02-16,12.806008527966787
2025-02-17,2.2145965797992084
2025-02-18,16.240193575900424
2025-02-19,11.73877145284664
2025-02-20,1.870757410566271
2025-02-21,3.545807125534565
2025-02-22,10.206017633551689
2025-02-23,6.009416456242503
2025-02-24,1.1092324121484778
2025-02-25,0.0
2025-02-26,2.0616602375586286
2025-02-27,3.792385698783998
2025-02-28,4.733909753306657
2025-03-01,2.676615482885254
2025-03-02,2.0801556918031117
2025-03-03,3.6975756685411194
2025-03-04,9.110075069657972
2025-03-05,11.387551651436718
2025-03-06,8.390334108101717
2025-03-07,2.3712627454507773
2025-03-08,3.2360415456042753
2025-03-09,8.312049465381609
2025-03-10,0.10007962488784254
2025-03-11,10.271337592298588
2025-03-12,5.068463053242885
2025-03-13,14.781325378516245
2025-03-14,0.7840614177741866
2025-03-15,10.39093406086593
2025-03-16,0.8541019333701043
2025-03-17,16.04820354152611
2025-03-18,1.7257052022670405
2025-03-19,2.9933877508351348
2025-03-20,0.0
2025-03-21,2.1544417784561407
2025-03-22,0.08749002044774128
2025-03-23,0.0
2025-03-24,0.0
2025-03-25,0.38579011351614084
2025-03-26,0.0
2025-03-27,6.49835414220969
2025-03-28,4.128750145655503
2025-03-29,11.51157730414335
2025-03-30,1.7491258185877394
2025-03-31,10.195814372954517
2025-04-01,0.28698013683314877
2025-04-02,16.950373585284787
2025-04-03,1.5977203425268807
2025-04-04,0.3203825111897152
2025-04-05,1.9593036713057275
2025-04-06,2.97964111500941
2025-04-07,0.0
2025-04-08,0.5625753333489311
2025-04-09,0.7977448476610937
2025-04-10,7.211176704362492
2025-04-11,15.035097943416297
2025-04-12,10.416325294727173
2025-04-13,14.003834557051404
2025-04-14,3.5800657947941383
2025-04-15,4.110159956555986
2025-04-16,0.0
2025-04-17,8.386543536263067
2025-04-18,1.4571789513054312
2025-04-19,0.0
2025-04-20,0.06673382765892895
2025-04-21,0.07256458732483456
2025-04-22,0.0
2025-04-23,3.008480180440991
2025-04-24,10.669384078508523
2025-04-25,1.4355371380947257
2025-04-26,1.158662085027955
2025-04-27,0.0
2025-04-28,4.762189603162068
2025-04-29,0.0
2025-04-30,0.0575872262954667
2025-05-01,1.238327969787424
2025-05-02,1.7852915369128994
2025-05-03,2.7247665006519863
2025-05-04,4.872735676579097
2025-05-05,0.02714780959802984
2025-05-06,3.726205370012369
2025-05-07,0.13499750464964802
2025-05-08,0.11864355161475892
2025-05-09,0.18096584641686836
2025-05-10,8.246711689447082
2025-05-11,0.0
2025-05-12,0.0
2025-05-13,0.0
2025-05-14,0.0
2025-05-15,0.0
2025-05-16,0.930122606243997
2025-05-17,3.483307477906375
2025-05-18,5.077159305896443
2025-05-19,3.416898911255594
2025-05-20,4.0902744667632644
2025-05-21,0.0
2025-05-22,0.0
2025-05-23,0.0
2025-05-24,0.0
2025-05-25,0.0
2025-05-26,0.0
2025-05-27,0.0
2025-05-28,0.0
2025-05-29,0.0
2025-05-30,0.0
2025-05-31,0.0
2025-06-01,0.0
2025-06-02,0.0
2025-06-03,0.0
2025-06-04,0.0
2025-06-05,0.0
2025-06-06,0.0
2025-06-07,5.913179032878814e-05
2025-06-08,0.0
2025-06-09,0.0
2025-06-10,0.0
2025-06-11,2.3878228459751316
2025-06-12,12.391173447061645
2025-06-13,1.250138343703653
2025-06-14,1.9393680634320325
2025-06-15,2.914413017790263
2025-06-16,4.685850768303238
2025-06-17,0.09772559010841997
2025-06-18,0.0
2025-06-19,0.0
2025-06-20,0.0
2025-06-21,0.0
2025-06-22,0.0
2025-06-23,0.0
2025-06-24,0.7852242008039868
2025-06-25,30.98071203729258
2025-06-26,0.0
2025-06-27,4.333227970234224
2025-06-28,0.0
2025-06-29,0.0
2025-06-30,0.04629507839596978
2025-07-01,4.036183293138149
2025-07-02,6.538048224045498
2025-07-03,0.820092968094563
2025-07-04,0.22932847355164893
2025-07-05,0.10024572229439911
2025-07-06,0.0
2025-07-07,0.0
2025-07-08,0.0
2025-07-09,0.0
2025-07-10,0.05560903928617734
2025-07-11,3.005611951341685
2025-07-12,0.0
2025-07-13,0.0
2025-07-14,0.0
2025-07-15,0.0
2025-07-16,0.0
2025-07-17,0.0
2025-07-18,1.4145320459014963
2025-07-19,0.0
2025-07-20,0.0
2025-07-21,0.0
2025-07-22,11.867333468712992
2025-07-23,0.04974022330759419
2025-07-24,2.7706766639392924
2025-07-25,0.0
2025-07-26,0.0
2025-07-27,0.0
2025-07-28,0.26525905656609267
2025-07-29,0.8678553371691068
2025-07-30,0.3143992074093555
2025-07-31,0.0
2025-08-01,0.0
2025-08-02,0.0
2025-08-03,0.0
2025-08-04,0.15610321671520208
2025-08-05,0.0
2025-08-06,1.1989275991301018
2025-08-07,0.0
2025-08-08,0.0
2025-08-09,0.0
2025-08-10,0.0
2025-08-11,0.0
2025-08-12,5.298763045753514
2025-08-13,0.0
2025-08-14,0.4646986783163644
2025-08-15,0.8317478789028481
2025-08-16,0.0
2025-08-17,0.31300003133745574
2025-08-18,11.896388748467725
2025-08-19,0.3692652893479262
2025-08-20,0.8247571505902951
2025-08-21,1.464712740732519
2025-08-22,0.8071416274235143
2025-08-23,0.0
2025-08-24,0.09229124238305217
2025-08-25,15.08688498938967
2025-08-26,1.58650921673572
2025-08-27,0.0
2025-08-28,0.0
2025-08-29,0.0
2025-08-30,0.0
2025-08-31,0.0
2025-09-01,0.0
2025-09-02,0.08654104468205606
2025-09-03,0.0
2025-09-04,0.0
2025-09-05,0.0
2025-09-06,0.019938576185846036
2025-09-07,0.0
2025-09-08,0.0
2025-09-09,1.5305751147159246
2025-09-10,1.5098510844717083
2025-09-11,0.12012678833677358
2025-09-12,0.031684542466278
2025-09-13,0.0
2025-09-14,0.0
2025-09-15,0.0
2025-09-16,0.10278884970131832
2025-09-17,0.06207309296402463
2025-09-18,2.6287159031930645
2025-09-19,9.159453504745159
2025-09-20,4.925119430175223
2025-09-21,4.336620296974325
2025-09-22,3.08233146850573
2025-09-23,3.4586736969175615
2025-09-24,1.1041912534244032
2025-09-25,0.4375071437561414
2025-09-26,0.2677079916219135
2025-09-27,0.0
2025-09-28,0.05014096971730878
2025-09-29,1.9022960137404339
2025-09-30,4.440015377876178
2025-10-01,0.3455690166668239
2025-10-02,1.190055425875614
2025-10-03,2.2044762551379233
2025-10-04,3.831760828274519
2025-10-05,0.055154438751169
2025-10-06,0.10684896132133591
2025-10-07,0.3651935754705546
2025-10-08,2.245781110934144
2025-10-09,6.584289297980035
2025-10-10,1.2849960084932257
2025-10-11,0.01625271743037736
2025-10-12,6.021628426324143
2025-10-13,11.216070562873853
2025-10-14,5.644751017664083
2025-10-15,0.12828544061655067
2025-10-16,1.6616350547977305
2025-10-17,5.47062833777058
2025-10-18,1.5667219027612864
2025-10-19,0.0
2025-10-20,0.0
2025-10-21,0.0
2025-10-22,0.6184829487659352
2025-10-23,0.0981670048838012
2025-10-24,0.32077123478598063
2025-10-25,0.0
2025-10-26,3.263301525907348
2025-10-27,0.9758296505753001
2025-10-28,5.601788467175399
2025-10-29,15.443170071399853
2025-10-30,0.0
2025-10-31,0.47409894886379883
2025-11-01,0.8712140113200154
2025-11-02,0.0
2025-11-03,0.8903307076345047
2025-11-04,2.3719336801317614
2025-11-05,6.624593421666421
2025-11-06,0.0
2025-11-07,0.0
2025-11-08,0.0
2025-11-09,0.0
2025-11-10,0.0
2025-11-11,0.0
2025-11-12,0.0
2025-11-13,0.12313208781845207
2025-11-14,0.0
2025-11-15,0.0
2025-11-16,0.17244484794646675
2025-11-17,7.576075584835788
2025-11-18,0.1641407364091208
2025-11-19,1.9648571650965017
2025-11-20,8.636882150503864
2025-11-21,1.2959118882109193
2025-11-22,1.8612313370304923
2025-11-23,1.2226917441824177
2025-11-24,2.1398676826828065
2025-11-25,2.378933093602402
2025-11-26,1.2988427296020368
2025-11-27,1.5389167906688113
2025-11-28,5.581096080562113
2025-11-29,1.829747092933359
2025-11-30,2.8716228048405905
2025-12-01,0.9498503212479676
2025-12-02,2.678330805807471
2025-12-03,0.5664813860981271
2025-12-04,6.855103441702014
2025-12-05,5.807540025458186
2025-12-06,1.2295431388455764
2025-12-07,0.2896587007638048
2025-12-08,0.0
2025-12-09,0.0
2025-12-10,0.35250239123979027
2025-12-11,1.5654098810825483
2025-12-12,0.0
2025-12-13,0.0
2025-12-14,0.0
2025-12-15,1.5071015150197054
2025-12-16,0.0
2025-12-17,0.0
2025-12-18,0.0
2025-12-19,6.392714741802006
2025-12-20,9.281079702135214
2025-12-21,0.18386105302109218
2025-12-22,0.0
2025-12-23,0.0
2025-12-24,1.286375894363192
2025-12-25,0.0
2025-12-26,0.0
2025-12-27,3.5689059321499967
2025-12-28,0.0
2025-12-29,0.0
2025-12-30,0.0
2025-12-31,0.0
