Month,local_vwc_mean,local_z_score,site,smap_soil_moisture_mean,smap_z_score
2015-01-01,0.6866050627240143,0.47177388864639586,Chirimachaya,,
2015-02-01,0.6628381696428572,0.15538949573651067,Chirimachaya,,
2015-03-01,0.7087215501792115,0.7661881157360635,Chirimachaya,0.34107617288827896,1.4762391603029508
2015-04-01,0.7026634259259259,0.6855424900119338,Chirimachaya,0.33196617774665355,1.2869878820560527
2015-05-01,0.6898960573476702,0.5155835415328545,Chirimachaya,0.32073093253758644,1.0535866031115824
2015-06-01,0.7156084490740741,0.8578663724792787,Chirimachaya,0.31052069589495657,0.8414788790369614
2015-07-01,0.7097689292114695,0.780130803917306,Chirimachaya,0.2866994579953532,0.346615857505313
2015-08-01,0.6672364471326165,0.2139392754109081,Chirimachaya,0.2580139970466975,-0.2492966613531724
2015-09-01,0.6520364558754129,0.011597303756285718,Chirimachaya,0.22362829303989804,-0.9636261791563171
2015-10-01,0.6707501120071685,0.2607131101072599,Chirimachaya,0.21238848182462874,-1.1971223124335082
2015-11-01,0.6515443287037037,0.0050461169468023585,Chirimachaya,0.21992740277200934,-1.0405085707449995
2015-12-01,0.6389242831541219,-0.1629516703981964,Chirimachaya,0.21988122693953974,-1.0414678287010282
2016-01-01,0.6189361559139785,-0.42903320998706396,Chirimachaya,0.23758173241249975,-0.6737570632948228
2016-02-01,0.6837359913793104,0.43358086978988536,Chirimachaya,0.2885932769497921,0.38595810218534904
2016-03-01,0.7003511424731184,0.654761420144956,Chirimachaya,0.3235892890201461,1.1129661757238687
2016-04-01,0.70735,0.7479300678997948,Chirimachaya,0.3216521809498469,1.0727246418144334
2016-05-01,0.6825981182795698,0.41843352643959586,Chirimachaya,0.3034204870702759,0.6939789545034155
2016-06-01,0.7136978009259259,0.8324318635448525,Chirimachaya,0.29988301545381546,0.6204914262699138
2016-07-01,0.6667805779569892,0.20787075430111543,Chirimachaya,0.2696250230073929,-0.008088903208588
2016-08-01,0.6628693996415771,0.1558052288385117,Chirimachaya,0.24076469861451655,-0.607634039848196
2016-09-01,0.6740159722222223,0.3041881742622607,Chirimachaya,0.22029016148298977,-1.0329726117591866
2016-10-01,0.6609819668458782,0.13067976219942262,Chirimachaya,0.2098584218972152,-1.2496818437900568
2016-11-01,0.5721242041902999,-1.0521929505744898,Chirimachaya,0.2053409892444809,-1.3435271083191116
2016-12-01,0.6704297715053763,0.2564487439220001,Chirimachaya,0.21297946055569952,-1.184845304758626
2017-01-01,0.6855621639784947,0.45789084195026225,Chirimachaya,0.26521149277687067,-0.09977569609074374
2017-02-01,0.690671378968254,0.5259046070335359,Chirimachaya,0.3059471148465361,0.746467186261796
2017-03-01,0.6987067652329749,0.6328715040730029,Chirimachaya,0.3406172023425179,1.4667044941354497
2017-04-01,0.6949457175925926,0.5828045150751466,Chirimachaya,0.3393027196327845,1.4393973958128807
2017-05-01,0.6891526657706093,0.5056875281162243,Chirimachaya,0.3324303398689916,1.2966303981716651
2017-06-01,0.6832320601851852,0.4268725480762639,Chirimachaya,0.30692044720053674,0.7666872181377757
2017-07-01,0.6755245295698925,0.3242700587131476,Chirimachaya,0.27957096647831703,0.1985283875782372
2017-08-01,0.6470657482078854,-0.054572654696131144,Chirimachaya,0.24864352434392895,-0.4439591072938627
2017-09-01,0.641833912037037,-0.12421875042541247,Chirimachaya,0.22595999607195455,-0.9151873191515981
2017-10-01,0.6962550403225807,0.6002341923844966,Chirimachaya,0.21417590434993464,-1.1599903499656246
2017-11-01,0.5978717592592593,-0.7094420259336501,Chirimachaya,0.2093448768680294,-1.2603502417090278
2017-12-01,0.6481753108547104,-0.03980217951401694,Chirimachaya,0.2109749058201428,-1.2264879774628725
2018-01-01,0.6923269489247312,0.5479435203156073,Chirimachaya,0.2690733319689189,-0.0195497473260008
2018-02-01,0.6187594246031747,-0.43138585356929054,Chirimachaya,0.28797448373266626,0.3731032756469149
2018-03-01,0.6547460797491039,0.04766776115113686,Chirimachaya,0.309830367925667,0.8271379876789965
2018-04-01,0.6943424768518518,0.5747741867151851,Chirimachaya,0.3118067880471547,0.8681961911719248
2018-05-01,0.7254218189964158,0.9885017514780491,Chirimachaya,0.30675637529742333,0.7632787841149368
2018-06-01,0.6780320601851852,0.35765025479991863,Chirimachaya,0.283853954449296,0.2875032921333716
2018-07-01,0.6827898745519714,0.4209861820022416,Chirimachaya,0.2549500369256542,-0.3129474493492568
2018-08-01,0.687444556451613,0.48294921191860435,Chirimachaya,0.2372717401914058,-0.6801968498343971
2018-09-01,0.6654784722222222,0.1905371494840288,Chirimachaya,0.21239553472648062,-1.1969757952652698
2018-10-01,0.643739023297491,-0.09885794842633257,Chirimachaya,0.20409674936484903,-1.369374980244989
2018-11-01,0.6341184027777779,-0.22692745133325753,Chirimachaya,0.21760326189299423,-1.088790334383899
2018-12-01,0.6597604166666667,0.11441851128458673,Chirimachaya,0.23030460625886914,-0.8249322730647811
2019-01-01,0.666075940860215,0.19849063973067446,Chirimachaya,0.25091150667398204,-0.39684398282549277
2019-02-01,0.7051434771825397,0.7185568814399506,Chirimachaya,0.28732593211212326,0.35963024725461207
2019-03-01,0.6960264336917562,0.5971909856068334,Chirimachaya,0.3136344948603261,0.9061650204935534
2019-04-01,0.6776517361111111,0.35258738853153065,Chirimachaya,0.31692089773714543,0.974436840138166
2019-05-01,0.6881932123655914,0.4929153040802362,Chirimachaya,0.30217521709780537,0.6681096834018635
2019-06-01,0.6924576732673268,0.5496837200812814,Chirimachaya,0.29816225692629816,0.584744343442294
2019-07-01,0.6853885528673835,0.455579734402307,Chirimachaya,0.26395075191413203,-0.1259663598728996
2019-08-01,0.6761035142896212,0.33197749141922156,Chirimachaya,0.24055280674609442,-0.6120358870858288
2019-09-01,0.6393712962962963,-0.1570010406239696,Chirimachaya,0.21618136552472905,-1.1183288468688566
2019-10-01,0.694634520609319,0.5786618672207462,Chirimachaya,0.2164576429753534,-1.1125894518561694
2019-11-01,0.6643496605237634,0.17551043132162794,Chirimachaya,0.21805529768268264,-1.0793997310211165
2019-12-01,0.6788441631189783,0.3684609523871504,Chirimachaya,0.23654546126002263,-0.6952845874227545
2020-01-01,0.6946672014668807,0.5790969141258728,Chirimachaya,0.24004350734814517,-0.6226160861500265
2020-02-01,,,Chirimachaya,0.2775026475047243,0.15556107491895796
2020-03-01,0.6684864206552186,0.23057889728960512,Chirimachaya,0.3100109081114492,0.8308885342383575
2020-04-01,0.7194193287037037,0.9085967238952548,Chirimachaya,0.3152875039726496,0.9405046751912376
2020-05-01,0.7138009632616487,0.8338051584407123,Chirimachaya,0.30585494301011484,0.7445524061120921
2020-06-01,0.690933912037037,0.5293994418570042,Chirimachaya,0.28939563818275926,0.4026263755042854
2020-07-01,0.69643604390681,0.6026437083828798,Chirimachaya,0.26437635749818816,-0.1171248182958237
2020-08-01,0.6635771729390681,0.16522709244852937,Chirimachaya,0.23658695474507344,-0.6944226006749347
2020-09-01,0.6741503472222223,0.3059769715043781,Chirimachaya,0.2194700696195165,-1.0500092216617583
2020-10-01,0.6649135304659498,0.18301665641927053,Chirimachaya,0.2070872822115498,-1.3072495723738633
2020-11-01,0.5510709490740741,-1.3324534505893173,Chirimachaya,0.1944293846065799,-1.570205069541284
2020-12-01,0.7073926971326164,0.7484984512528777,Chirimachaya,0.20764089688178028,-1.2957487666798373
2021-01-01,0.6751802195340502,0.31968661058255765,Chirimachaya,0.23958686907445229,-0.6321023016363517
2021-02-01,0.6710908978174603,0.26524964381965205,Chirimachaya,0.2680283480190805,-0.04125827133506297
2021-03-01,0.6932060931899642,0.559646670731025,Chirimachaya,0.31260938473766847,0.8848693558921154
2021-04-01,0.6933996527777778,0.5622233319914258,Chirimachaya,0.30271989293396473,0.6794247935222149
2021-05-01,0.7105142249103943,0.790052164965108,Chirimachaya,0.309309569217505,0.8163189016425357
2021-06-01,0.6866104166666667,0.47184516022110057,Chirimachaya,0.30528781016667683,0.7327707735329454
2021-07-01,0.6713551747311829,0.26876769267116546,Chirimachaya,0.2808329449786294,0.22474476207584224
2021-08-01,0.6789220430107527,0.3694976879080604,Chirimachaya,0.2444396983351438,-0.5312894991680557
2021-09-01,0.6965609953703704,0.6043070597013196,Chirimachaya,0.22441224573800958,-0.9473403252237712
2021-10-01,0.7130665322580645,0.8240284279943,Chirimachaya,0.21303049847483632,-1.1837850416865234
2021-11-01,0.7105818960527839,0.7909530018237306,Chirimachaya,0.22700599295397597,-0.8934577524627729
2021-12-01,0.7121617383512545,0.8119838300766364,Chirimachaya,0.24490962153480897,-0.5215273022807986
2022-01-01,0.6730781810035843,0.2917043168067718,Chirimachaya,0.24435218051075933,-0.5331075967495211
2022-02-01,0.6938245287698412,0.5678792724777129,Chirimachaya,0.2833288830838033,0.27659544580134665
2022-03-01,0.7262620967741936,0.9996875120101517,Chirimachaya,0.31745124716431866,0.9854543330621123
2022-04-01,0.7136390046296297,0.8316491684552793,Chirimachaya,0.3180023158589999,0.996902248593236
2022-05-01,0.7118659274193548,0.8080460010223464,Chirimachaya,0.30687407740662176,0.7657239308215884
2022-06-01,0.7009291666666667,0.6624560663462304,Chirimachaya,0.29851498591403164,0.5920719446940532
2022-07-01,0.7115070564516129,0.8032687180651549,Chirimachaya,0.28003721840439305,0.20821431733156764
2022-08-01,0.7087223342293907,0.7661985529959576,Chirimachaya,0.26044700859535125,-0.19875321556489756
2022-09-01,0.6739988425925927,0.30396014498419577,Chirimachaya,0.22773695321132736,-0.8782727648858475
2022-10-01,0.7035775089605735,0.6977107446087234,Chirimachaya,0.2119076953179413,-1.207110183946053
2022-11-01,0.6233293981481481,-0.37055045953173416,Chirimachaya,0.2049490050723155,-1.3516701978028693
2022-12-01,0.5448542786738351,-1.415209639367725,Chirimachaya,0.20000779208156366,-1.4543190861998743
2023-01-01,0.6904476926523297,0.5229268993868404,Chirimachaya,0.22813525375339289,-0.869998458967954
2023-02-01,0.6824671378968253,0.4166899182727135,Chirimachaya,0.2470491829860423,-0.4770799965206055
2023-03-01,0.6899204660020164,0.5159084690385528,Chirimachaya,0.2998708288275426,0.620238260975773
2023-04-01,0.7267506944444445,1.0061917141686607,Chirimachaya,0.32674361430108545,1.1784942119240907
2023-05-01,0.6993065979612412,0.6408564650408484,Chirimachaya,0.3092476359057811,0.8150322973987789
2023-06-01,0.6936189814814815,0.5651430311936751,Chirimachaya,0.2922762855887413,0.4624690203449766
2023-07-01,0.6962504480286739,0.6001730598622603,Chirimachaya,0.26935601186367775,-0.013677347770773136
2023-08-01,0.6914127926515067,0.535774290768384,Chirimachaya,0.2379285446217944,-0.6665523773536911
2023-09-01,0.5823318287037037,-0.9163092625510946,Chirimachaya,0.21208852902054784,-1.2033535398604776
2023-10-01,0.45617293906810036,-2.5957338121229867,Chirimachaya,0.19278729670951442,-1.604317846626471
2023-11-01,0.38332939814814815,-3.5654255338246035,Chirimachaya,0.18896631083140766,-1.683695107574826
2023-12-01,0.5126398566147642,-1.8440473646563746,Chirimachaya,0.19763184188594737,-1.5036771379420537
2024-01-01,0.6230982302867383,-0.373627761358384,Chirimachaya,0.25889956266168623,-0.23089989801766303
2024-02-01,0.5941851275296371,-0.7585183918547626,Chirimachaya,0.28888676328391866,0.3920549949957155
2024-03-01,0.6300164650537635,-0.2815323621280703,Chirimachaya,0.29737113187870673,0.5683094909333493
2024-04-01,0.6425512731481482,-0.11466925403726155,Chirimachaya,0.29470091437300044,0.5128383223656354
2024-05-01,0.6527456317204301,0.021037838050185515,Chirimachaya,0.2976389589809602,0.573873338187124
2024-06-01,0.6396396573677509,-0.15342862354855002,Chirimachaya,0.2724545955657959,0.050692711407571624
2024-07-01,0.6256987007168459,-0.3390103523642741,Chirimachaya,0.25053073604020376,-0.4047541219683951
2024-08-01,0.5348130390948806,-1.548878414558577,Chirimachaya,0.2193155618564736,-1.0532189699876746
2024-09-01,0.3809208333333333,-3.597488299206565,Chirimachaya,0.19470775530984002,-1.5644221892433845
2024-10-01,0.41898006272401433,-3.090844618677059,Chirimachaya,0.2314879677949413,-0.8003490894463199
2024-11-01,0.27015219907407406,-5.072038085074776,Chirimachaya,0.2878267475714286,0.3700342007546834
2024-12-01,0.4724137544802867,-2.37953641067888,Chirimachaya,0.29524738437706427,0.5241907045771383
2025-01-01,0.5519016577060931,-1.3213950743291605,Chirimachaya,0.3654957096422872,1.9835312579438071
2025-02-01,0.5590952380952381,-1.225634279828322,Chirimachaya,0.3790925115879093,2.26599157853403
2025-03-01,0.5548931451612904,-1.2815724547222038,Chirimachaya,0.3757689502691069,2.1969478284401
2025-04-01,0.5762520833333333,-0.9972427081421102,Chirimachaya,0.37079278777043023,2.093572898047897
2025-05-01,0.5706335125448029,-1.0720370071647185,Chirimachaya,0.374327409531801,2.167001223316945
2025-06-01,0.5639983796296296,-1.1603637603534986,Chirimachaya,0.362594024091959,1.923251566140131
2025-07-01,0.5866827956989248,-0.8583892792089997,Chirimachaya,0.346052732919493,1.5796223490465224
2025-08-01,0.5584378360215054,-1.2343856027414757,Chirimachaya,0.3361399883945142,1.3736947340343741
2025-09-01,0.5693020833333334,-1.0897609655018399,Chirimachaya,0.321339159583052,1.0662219277225402
2025-10-01,0.5555104305370617,-1.2733551644689651,Chirimachaya,0.32132009756953817,1.0658259329533482
2015-01-01,0.5977839381720429,0.3747630754471031,Virgen,,
2015-02-01,0.5904556051587302,0.18579690749097588,Virgen,,
2015-03-01,0.603021505376344,0.5098173916485547,Virgen,0.34107617288827896,1.4762391603029508
2015-04-01,0.5988574074074073,0.4024432269163547,Virgen,0.33196617774665355,1.2869878820560527
2015-05-01,0.5943307571684587,0.2857203995314762,Virgen,0.32073093253758644,1.0535866031115824
2015-06-01,0.5991241898148149,0.4093223969969622,Virgen,0.31052069589495657,0.8414788790369614
2015-07-01,0.5980372983870967,0.38129614495476494,Virgen,0.2866994579953532,0.346615857505313
2015-08-01,0.5829373879928315,-0.008065555516781083,Virgen,0.2580139970466975,-0.2492966613531724
2015-09-01,0.563713888888889,-0.5037568612722737,Virgen,0.22362829303989804,-0.9636261791563171
2015-10-01,0.5667185259856631,-0.42628020222241814,Virgen,0.21238848182462874,-1.1971223124335082
2015-11-01,0.5928125,0.24657108159322333,Virgen,0.21992740277200934,-1.0405085707449995
2015-12-01,0.5783155241935484,-0.12724353083246215,Virgen,0.21988122693953974,-1.0414678287010282
2016-01-01,0.5708713037634409,-0.31919793649916645,Virgen,0.23758173241249975,-0.6737570632948228
2016-02-01,0.5920059865900383,0.22577457190830313,Virgen,0.2885932769497921,0.38595810218534904
2016-03-01,0.6021918682795698,0.48842462160291533,Virgen,0.3235892890201461,1.1129661757238687
2016-04-01,0.6052577546296296,0.5674806352839726,Virgen,0.3216521809498469,1.0727246418144334
2016-05-01,0.597230742935278,0.3604985511912942,Virgen,0.3034204870702759,0.6939789545034155
2016-06-01,0.6102471064814815,0.6961345458413297,Virgen,0.29988301545381546,0.6204914262699138
2016-07-01,0.5834088261648745,0.004090805914582719,Virgen,0.2696250230073929,-0.008088903208588
2016-08-01,0.5738092517921147,-0.24344090149212905,Virgen,0.24076469861451655,-0.607634039848196
2016-09-01,0.5668984953703703,-0.421639566362153,Virgen,0.22029016148298977,-1.0329726117591866
2016-10-01,0.5914065860215053,0.21031861100960364,Virgen,0.2098584218972152,-1.2496818437900568
2016-11-01,0.5387309027777778,-1.147960548651345,Virgen,0.2053409892444809,-1.3435271083191116
2016-12-01,0.5479359318996415,-0.910602465179529,Virgen,0.21297946055569952,-1.184845304758626
2017-01-01,0.5995520833333333,0.420355929226026,Virgen,0.26521149277687067,-0.09977569609074374
2017-02-01,0.6115631200396825,0.7300688715085437,Virgen,0.3059471148465361,0.746467186261796
2017-03-01,0.6153780241935484,0.8284388306474605,Virgen,0.3406172023425179,1.4667044941354497
2017-04-01,0.6077386574074074,0.6314524403502467,Virgen,0.3393027196327845,1.4393973958128807
2017-05-01,0.6096883960573476,0.6817278086401224,Virgen,0.3324303398689916,1.2966303981716651
2017-06-01,0.6022501157407407,0.48992657293490877,Virgen,0.30692044720053674,0.7666872181377757
2017-07-01,0.5882110215053763,0.1279187555482715,Virgen,0.27957096647831703,0.1985283875782372
2017-08-01,0.5819566532258065,-0.03335448416800258,Virgen,0.24864352434392895,-0.4439591072938627
2017-09-01,0.5425027777777778,-1.0507001261971913,Virgen,0.22595999607195455,-0.9151873191515981
2017-10-01,0.5600129334849346,-0.5991885725756921,Virgen,0.21417590434993464,-1.1599903499656246
2017-11-01,,,Virgen,0.2093448768680294,-1.2603502417090278
2017-12-01,0.5748401210440045,-0.21685922025036009,Virgen,0.2109749058201428,-1.2264879774628725
2018-01-01,0.6055126568100359,0.574053465441599,Virgen,0.2690733319689189,-0.0195497473260008
2018-02-01,0.559281001984127,-0.6180619358170651,Virgen,0.28797448373266626,0.3731032756469149
2018-03-01,0.5611325044802867,-0.5703196551340054,Virgen,0.309830367925667,0.8271379876789965
2018-04-01,0.6007645833333333,0.4516210857398704,Virgen,0.3118067880471547,0.8681961911719248
2018-05-01,0.6117355510752688,0.734515125789327,Virgen,0.30675637529742333,0.7632787841149368
2018-06-01,0.594658912037037,0.2941821012443675,Virgen,0.283853954449296,0.2875032921333716
2018-07-01,0.5988403897849462,0.4020044156753324,Virgen,0.2549500369256542,-0.3129474493492568
2018-08-01,0.5974730062724014,0.36674547997705076,Virgen,0.2372717401914058,-0.6801968498343971
2018-09-01,0.5915498842592593,0.21401365581911724,Virgen,0.21239553472648062,-1.1969757952652698
2018-10-01,0.5394385080645161,-1.1297144537730788,Virgen,0.20409674936484903,-1.369374980244989
2018-11-01,0.5725277777777779,-0.2764846009780411,Virgen,0.21760326189299423,-1.088790334383899
2018-12-01,0.5955209453405017,0.31641023003032276,Virgen,0.23030460625886914,-0.8249322730647811
2019-01-01,0.5917830421146952,0.22002579342129344,Virgen,0.25091150667398204,-0.39684398282549277
2019-02-01,0.6078546626984127,0.6344437175293932,Virgen,0.28732593211212326,0.35963024725461207
2019-03-01,0.6011046146953405,0.46038903110298124,Virgen,0.3136344948603261,0.9061650204935534
2019-04-01,0.5945304398148148,0.2908693555656379,Virgen,0.31692089773714543,0.974436840138166
2019-05-01,0.6002122535842294,0.4373788786858607,Virgen,0.30217521709780537,0.6681096834018635
2019-06-01,0.6078870370370371,0.6352785123864015,Virgen,0.29816225692629816,0.584744343442294
2019-07-01,0.6056327284946237,0.5771495974098626,Virgen,0.26395075191413203,-0.1259663598728996
2019-08-01,0.5965758288530465,0.3436111356992615,Virgen,0.24055280674609442,-0.6120358870858288
2019-09-01,0.5583260416666667,-0.6426862523448253,Virgen,0.21618136552472905,-1.1183288468688566
2019-10-01,0.6082715053763441,0.6451922961414971,Virgen,0.2164576429753534,-1.1125894518561694
2019-11-01,0.5969217592592592,0.3525311920234985,Virgen,0.21805529768268264,-1.0793997310211165
2019-12-01,0.6032181899641578,0.5148890406562726,Virgen,0.23654546126002263,-0.6952845874227545
2020-01-01,0.597900873655914,0.3777783382967969,Virgen,0.24004350734814517,-0.6226160861500265
2020-02-01,0.5707570641762452,-0.3221436837764865,Virgen,0.2775026475047243,0.15556107491895796
2020-03-01,0.5796286946796613,-0.09338251575808462,Virgen,0.3100109081114492,0.8308885342383575
2020-04-01,0.6151284722222222,0.8220039593552125,Virgen,0.3152875039726496,0.9405046751912376
2020-05-01,0.6187030689964158,0.9141774254327799,Virgen,0.30585494301011484,0.7445524061120921
2020-06-01,0.6035381944444445,0.5231405789336293,Virgen,0.28939563818275926,0.4026263755042854
2020-07-01,0.6125524193548386,0.7555786429950564,Virgen,0.26437635749818816,-0.1171248182958237
2020-08-01,0.5971017025089606,0.357171153974446,Virgen,0.23658695474507344,-0.6944226006749347
2020-09-01,0.5948268518518519,0.29851254627124896,Virgen,0.2194700696195165,-1.0500092216617583
2020-10-01,0.5926189516129032,0.2415803017040838,Virgen,0.2070872822115498,-1.3072495723738633
2020-11-01,0.5759714120370371,-0.18768809451026386,Virgen,0.1944293846065799,-1.570205069541284
2020-12-01,0.6149749103942652,0.8180442607278905,Virgen,0.20764089688178028,-1.2957487666798373
2021-01-01,0.606361335125448,0.5959372265642936,Virgen,0.23958686907445229,-0.6321023016363517
2021-02-01,0.6019738343253969,0.48280246432246127,Virgen,0.2680283480190805,-0.04125827133506297
2021-03-01,0.6205506272401433,0.9618180008213048,Virgen,0.31260938473766847,0.8848693558921154
2021-04-01,0.6003767361111111,0.44162017513678853,Virgen,0.30271989293396473,0.6794247935222149
2021-05-01,0.6157713933691756,0.8385821286628906,Virgen,0.309309569217505,0.8163189016425357
2021-06-01,0.6042038194444445,0.5403041828961271,Virgen,0.30528781016667683,0.7327707735329454
2021-07-01,0.6008406137992831,0.4535815842287301,Virgen,0.2808329449786294,0.22474476207584224
2021-08-01,0.5966665546594981,0.3459505637722969,Virgen,0.2444396983351438,-0.5312894991680557
2021-09-01,0.6070101402103154,0.6126671173068575,Virgen,0.22441224573800958,-0.9473403252237712
2021-10-01,0.607297603046595,0.6200795466414509,Virgen,0.21303049847483632,-1.1837850416865234
2021-11-01,0.6175737268518517,0.8850565521070252,Virgen,0.22700599295397597,-0.8934577524627729
2021-12-01,0.6123057795698925,0.749218864455773,Virgen,0.24490962153480897,-0.5215273022807986
2022-01-01,0.5975555555555555,0.3688740707052311,Virgen,0.24435218051075933,-0.5331075967495211
2022-02-01,0.6111620984745132,0.7197282513019907,Virgen,0.2833288830838033,0.27659544580134665
2022-03-01,0.6255875434076398,1.0916983903667867,Virgen,0.31745124716431866,0.9854543330621123
2022-04-01,0.6194983796296297,0.9346850637210758,Virgen,0.3180023158589999,0.996902248593236
2022-05-01,0.6157407531943511,0.8377920504266005,Virgen,0.30687407740662176,0.7657239308215884
2022-06-01,0.6161394675925925,0.8480731787279144,Virgen,0.29851498591403164,0.5920719446940532
2022-07-01,0.6257541167245435,1.095993599293818,Virgen,0.28003721840439305,0.20821431733156764
2022-08-01,0.6084642697132616,0.6501628587509928,Virgen,0.26044700859535125,-0.19875321556489756
2022-09-01,0.5968099537037037,0.34964820794633655,Virgen,0.22773695321132736,-0.8782727648858475
2022-10-01,0.6013624957992606,0.46703867487702294,Virgen,0.2119076953179413,-1.207110183946053
2022-11-01,0.5782005787037038,-0.13020748030095836,Virgen,0.2049490050723155,-1.3516701978028693
2022-12-01,0.5493618951612904,-0.8738330098735935,Virgen,0.20000779208156366,-1.4543190861998743
2023-01-01,0.6151584901433692,0.8227779923472792,Virgen,0.22813525375339289,-0.869998458967954
2023-02-01,0.6016031746031746,0.4732447453709907,Virgen,0.2470491829860423,-0.4770799965206055
2023-03-01,0.6054456765232975,0.572326332123482,Virgen,0.2998708288275426,0.620238260975773
2023-04-01,0.6204407407407407,0.9589845009428881,Virgen,0.32674361430108545,1.1784942119240907
2023-05-01,0.5993823232888988,0.4159785483113528,Virgen,0.3092476359057811,0.8150322973987789
2023-06-01,0.6003170138888888,0.4400801960645128,Virgen,0.2922762855887413,0.4624690203449766
2023-07-01,0.5942820340501792,0.2844640400107736,Virgen,0.26935601186367775,-0.013677347770773136
2023-08-01,0.5946896048495734,0.29497353678069865,Virgen,0.2379285446217944,-0.6665523773536911
2023-09-01,0.5452614583333334,-0.9795656277715014,Virgen,0.21208852902054784,-1.2033535398604776
2023-10-01,0.4742075725327658,-2.811739533315142,Virgen,0.19278729670951442,-1.604317846626471
2023-11-01,0.42202652612069963,-4.157264137958025,Virgen,0.18896631083140766,-1.683695107574826
2023-12-01,0.49897490758373475,-2.173096558635224,Virgen,0.19763184188594737,-1.5036771379420537
2024-01-01,0.5846668906810035,0.0365308751939955,Virgen,0.25889956266168623,-0.23089989801766303
2024-02-01,0.576397030651341,-0.17671322226991942,Virgen,0.28888676328391866,0.3920549949957155
2024-03-01,0.577823252688172,-0.13993709426577985,Virgen,0.29737113187870673,0.5683094909333493
2024-04-01,0.5848100694444445,0.04022283927518311,Virgen,0.29470091437300044,0.5128383223656354
2024-05-01,0.5946925403225807,0.2950492299955548,Virgen,0.2976389589809602,0.573873338187124
2024-06-01,0.5878697765945132,0.11911951798316867,Virgen,0.2724545955657959,0.050692711407571624
2024-07-01,0.5513001792114696,-0.8238530064120332,Virgen,0.25053073604020376,-0.4047541219683951
2024-08-01,0.4800700044802867,-2.660572644745237,Virgen,0.2193155618564736,-1.0532189699876746
2024-09-01,0.37412939814814816,-5.392324923628556,Virgen,0.19470775530984002,-1.5644221892433845
2024-10-01,0.42577776132662126,-4.060535926961417,Virgen,0.2314879677949413,-0.8003490894463199
2024-11-01,,,Virgen,0.2878267475714286,0.3700342007546834
2024-12-01,,,Virgen,0.29524738437706427,0.5241907045771383
2025-01-01,0.5842640801001252,0.02614412397206246,Virgen,0.3654957096422872,1.9835312579438071
2025-02-01,0.5670881076388888,-0.41675028203046005,Virgen,0.3790925115879093,2.26599157853403
2025-03-01,0.5610013442365857,-0.5737017133176824,Virgen,0.3757689502691069,2.1969478284401
2025-04-01,0.5675369212962963,-0.4051773094577627,Virgen,0.37079278777043023,2.093572898047897
2025-05-01,0.5650888216845878,-0.46830326205285494,Virgen,0.374327409531801,2.167001223316945
2025-06-01,0.5560630933086362,-0.7010379509811729,Virgen,0.362594024091959,1.923251566140131
2025-07-01,0.5697795451999551,-0.3473496910251157,Virgen,0.346052732919493,1.5796223490465224
2025-08-01,0.540531025985663,-1.1015431186812514,Virgen,0.3361399883945142,1.3736947340343741
2025-09-01,0.5502020833333333,-0.8521681730076115,Virgen,0.321339159583052,1.0662219277225402
2025-10-01,0.5492986111111111,-0.8754648331591077,Virgen,0.32132009756953817,1.0658259329533482
2025-11-01,0.572775,-0.27010980388816314,Virgen,,
2025-12-01,0.4954952380952381,-2.262822258572792,Virgen,,
