Month,monthly_bias_mean,site
2015-03-01,0.3579168826672765,Chirimachaya
2015-04-01,0.3706972481792724,Chirimachaya
2015-05-01,0.36916512481008384,Chirimachaya
2015-06-01,0.4050877531791175,Chirimachaya
2015-07-01,0.4230694712161164,Chirimachaya
2015-08-01,0.409222450085919,Chirimachaya
2015-09-01,0.4294300319493498,Chirimachaya
2015-10-01,0.4583616301825397,Chirimachaya
2015-11-01,0.4316169259316943,Chirimachaya
2015-12-01,0.4190430562145821,Chirimachaya
2016-01-01,0.38135442350147875,Chirimachaya
2016-02-01,0.39514271442951826,Chirimachaya
2016-03-01,0.3767618534529722,Chirimachaya
2016-04-01,0.3856978190501531,Chirimachaya
2016-05-01,0.3791776312092941,Chirimachaya
2016-06-01,0.4138147854721105,Chirimachaya
2016-07-01,0.3971555549495964,Chirimachaya
2016-08-01,0.4221047010270606,Chirimachaya
2016-09-01,0.45372581073923246,Chirimachaya
2016-10-01,0.4511235449486629,Chirimachaya
2016-11-01,0.3667848044063127,Chirimachaya
2016-12-01,0.4574503109496768,Chirimachaya
2017-01-01,0.4203506712016239,Chirimachaya
2017-02-01,0.38472426412171784,Chirimachaya
2017-03-01,0.358089562890457,Chirimachaya
2017-04-01,0.3556429979598081,Chirimachaya
2017-05-01,0.35672232590161773,Chirimachaya
2017-06-01,0.3763116129846485,Chirimachaya
2017-07-01,0.3959535630915755,Chirimachaya
2017-08-01,0.39842222386395637,Chirimachaya
2017-09-01,0.41587391596508255,Chirimachaya
2017-10-01,0.482079135972646,Chirimachaya
2017-11-01,0.38852688239122984,Chirimachaya
2017-12-01,0.4371926510498383,Chirimachaya
2018-01-01,0.42325361695581226,Chirimachaya
2018-02-01,0.3307849408705083,Chirimachaya
2018-03-01,0.344915711823437,Chirimachaya
2018-04-01,0.3825356888046972,Chirimachaya
2018-05-01,0.4186654436989925,Chirimachaya
2018-06-01,0.39417810573588924,Chirimachaya
2018-07-01,0.4278398376263171,Chirimachaya
2018-08-01,0.4501728162602071,Chirimachaya
2018-09-01,0.45308293749574163,Chirimachaya
2018-10-01,0.43964227393264205,Chirimachaya
2018-11-01,0.4165151408847836,Chirimachaya
2018-12-01,0.4294558104077975,Chirimachaya
2019-01-01,0.415164434186233,Chirimachaya
2019-02-01,0.4178175450704164,Chirimachaya
2019-03-01,0.38239193883143024,Chirimachaya
2019-04-01,0.36073083837396575,Chirimachaya
2019-05-01,0.386017995267786,Chirimachaya
2019-06-01,0.39699649106233104,Chirimachaya
2019-07-01,0.4214378009532515,Chirimachaya
2019-08-01,0.4405572204308318,Chirimachaya
2019-09-01,0.42318993077156725,Chirimachaya
2019-10-01,0.4781768776339656,Chirimachaya
2019-11-01,0.4470884846822779,Chirimachaya
2019-12-01,0.44230235729304773,Chirimachaya
2020-01-01,0.45126074676931055,Chirimachaya
2020-03-01,0.3590660069253127,Chirimachaya
2020-04-01,0.4041318247310542,Chirimachaya
2020-05-01,0.4079460202515339,Chirimachaya
2020-06-01,0.40153827385427776,Chirimachaya
2020-07-01,0.43205968640862186,Chirimachaya
2020-08-01,0.4269902181939947,Chirimachaya
2020-09-01,0.45468027760270574,Chirimachaya
2020-10-01,0.45782624825440005,Chirimachaya
2020-11-01,0.3566415644674941,Chirimachaya
2020-12-01,0.4997518002508362,Chirimachaya
2021-01-01,0.4355933504595979,Chirimachaya
2021-02-01,0.40306254979837985,Chirimachaya
2021-03-01,0.3805967084522957,Chirimachaya
2021-04-01,0.3906797598438131,Chirimachaya
2021-05-01,0.4012046556928893,Chirimachaya
2021-06-01,0.38132260649998984,Chirimachaya
2021-07-01,0.39052222975255346,Chirimachaya
2021-08-01,0.43448234467560887,Chirimachaya
2021-09-01,0.47214874963236075,Chirimachaya
2021-10-01,0.5000360337832281,Chirimachaya
2021-11-01,0.48358224544775325,Chirimachaya
2021-12-01,0.4672521168164455,Chirimachaya
2022-01-01,0.4287260004928249,Chirimachaya
2022-02-01,0.41049564568603797,Chirimachaya
2022-03-01,0.4088108496098749,Chirimachaya
2022-04-01,0.39563668877062974,Chirimachaya
2022-05-01,0.4049918500127331,Chirimachaya
2022-06-01,0.402414180752635,Chirimachaya
2022-07-01,0.43146983804721983,Chirimachaya
2022-08-01,0.44827532563403943,Chirimachaya
2022-09-01,0.44626188938126526,Chirimachaya
2022-10-01,0.4916698136426322,Chirimachaya
2022-11-01,0.41838039307583264,Chirimachaya
2022-12-01,0.34484648659227146,Chirimachaya
2023-01-01,0.46231243889893686,Chirimachaya
2023-02-01,0.4354179549107831,Chirimachaya
2023-03-01,0.39005520858519327,Chirimachaya
2023-04-01,0.40000708014335895,Chirimachaya
2023-05-01,0.3900643906980679,Chirimachaya
2023-06-01,0.4013426958927402,Chirimachaya
2023-07-01,0.4268944361649961,Chirimachaya
2023-08-01,0.45348087982527263,Chirimachaya
2023-09-01,0.3702432996831559,Chirimachaya
2023-10-01,0.26338564235858597,Chirimachaya
2023-11-01,0.19436308731674048,Chirimachaya
2023-12-01,0.3149904679906652,Chirimachaya
2024-01-01,0.3641986676250521,Chirimachaya
2024-02-01,0.30529373720335223,Chirimachaya
2024-03-01,0.33264533317505673,Chirimachaya
2024-04-01,0.3478503587751477,Chirimachaya
2024-05-01,0.35510667273946994,Chirimachaya
2024-06-01,0.36718673073437186,Chirimachaya
2024-07-01,0.3751679646766421,Chirimachaya
2024-08-01,0.3154944443253854,Chirimachaya
2024-09-01,0.18621307802349332,Chirimachaya
2024-10-01,0.18749209492907307,Chirimachaya
2024-11-01,-0.017674548497354524,Chirimachaya
2024-12-01,0.1771663701032225,Chirimachaya
2025-01-01,0.18640594806380598,Chirimachaya
2025-02-01,0.18000272650732882,Chirimachaya
2025-03-01,0.17912419489218345,Chirimachaya
2025-04-01,0.20545929556290307,Chirimachaya
2025-05-01,0.19630610301300191,Chirimachaya
2025-06-01,0.20140435553767064,Chirimachaya
2025-07-01,0.24063006277943172,Chirimachaya
2025-08-01,0.2222978476269912,Chirimachaya
2025-09-01,0.24796292375028137,Chirimachaya
2025-10-01,0.23477455822756327,Chirimachaya
2015-03-01,0.2607536882228322,Virgen
2015-04-01,0.26689122966075385,Virgen
2015-05-01,0.27359982463087235,Virgen
2015-06-01,0.28860349391985823,Virgen
2015-07-01,0.31133784039174356,Virgen
2015-08-01,0.324923390946134,Virgen
2015-09-01,0.34008559584899084,Virgen
2015-10-01,0.35433004416103436,Virgen
2015-11-01,0.3728850972279906,Virgen
2015-12-01,0.3584342972540086,Virgen
2016-01-01,0.33328957135094106,Virgen
2016-02-01,0.3034127096402462,Virgen
2016-03-01,0.2786025792594238,Virgen
2016-04-01,0.2836055736797827,Virgen
2016-05-01,0.2941295537793973,Virgen
2016-06-01,0.31036409102766604,Virgen
2016-07-01,0.3137838031574816,Virgen
2016-08-01,0.3330445531775982,Virgen
2016-09-01,0.3466083338873806,Virgen
2016-10-01,0.3815481641242901,Virgen
2016-11-01,0.3333899135332969,Virgen
2016-12-01,0.334956471343942,Virgen
2017-01-01,0.33434059055646265,Virgen
2017-02-01,0.30561600519314647,Virgen
2017-03-01,0.2747608218510305,Virgen
2017-04-01,0.2684359377746229,Virgen
2017-05-01,0.2772580561883561,Virgen
2017-06-01,0.29532966854020404,Virgen
2017-07-01,0.3086400550270593,Virgen
2017-08-01,0.3333131288818775,Virgen
2017-09-01,0.31654278170582323,Virgen
2017-10-01,0.3456074442300169,Virgen
2017-12-01,0.3630761529954653,Virgen
2018-01-01,0.3364393248411169,Virgen
2018-02-01,0.2713065182514607,Virgen
2018-03-01,0.25130213655461975,Virgen
2018-04-01,0.28895779528617854,Virgen
2018-05-01,0.3049791757778455,Virgen
2018-06-01,0.310804957587741,Virgen
2018-07-01,0.343890352859292,Virgen
2018-08-01,0.3602012660809956,Virgen
2018-09-01,0.3791543495327786,Virgen
2018-10-01,0.3353417586996671,Virgen
2018-11-01,0.3549245158847835,Virgen
2018-12-01,0.3652163390816326,Virgen
2019-01-01,0.3408715354407133,Virgen
2019-02-01,0.32052873058628945,Virgen
2019-03-01,0.28747011983501436,Virgen
2019-04-01,0.27760954207766936,Virgen
2019-05-01,0.29803703648642393,Virgen
2019-06-01,0.3097247801107389,Virgen
2019-07-01,0.34168197658049165,Virgen
2019-08-01,0.3560230221069521,Virgen
2019-09-01,0.3421446761419376,Virgen
2019-10-01,0.3918138624009907,Virgen
2019-11-01,0.37886646157657655,Virgen
2019-12-01,0.36667272870413503,Virgen
2020-01-01,0.35785736630776876,Virgen
2020-02-01,0.2932544166715209,Virgen
2020-03-01,0.27201875017195315,Virgen
2020-04-01,0.2998409682495726,Virgen
2020-05-01,0.31284812598630096,Virgen
2020-06-01,0.3141425562616852,Virgen
2020-07-01,0.3481760618566505,Virgen
2020-08-01,0.3605147477638871,Virgen
2020-09-01,0.3753567822323353,Virgen
2020-10-01,0.3855316694013534,Virgen
2020-11-01,0.3815420274304571,Virgen
2020-12-01,0.4073340135124849,Virgen
2021-01-01,0.36677446605099573,Virgen
2021-02-01,0.3339454863063163,Virgen
2021-03-01,0.3079412425024749,Virgen
2021-04-01,0.2976568431771464,Virgen
2021-05-01,0.3064618241516706,Virgen
2021-06-01,0.29891600927776757,Virgen
2021-07-01,0.3200076688206538,Virgen
2021-08-01,0.35222685632435435,Virgen
2021-09-01,0.38256018357800275,Virgen
2021-10-01,0.3942671045717586,Virgen
2021-11-01,0.39056773389787586,Virgen
2021-12-01,0.36739615803508346,Virgen
2022-01-01,0.3532033750447962,Virgen
2022-02-01,0.3278329178916682,Virgen
2022-03-01,0.3081377798016999,Virgen
2022-04-01,0.30149606377062976,Virgen
2022-05-01,0.30886851536588983,Virgen
2022-06-01,0.3176244816785609,Virgen
2022-07-01,0.3457199683970257,Virgen
2022-08-01,0.34801726111791037,Virgen
2022-09-01,0.3690730004923763,Virgen
2022-10-01,0.38945218332404785,Virgen
2022-11-01,0.37325157363138817,Virgen
2022-12-01,0.34935410307972664,Virgen
2023-01-01,0.38702323638997627,Virgen
2023-02-01,0.35455399161713225,Virgen
2023-03-01,0.3055748476957549,Virgen
2023-04-01,0.2936971264396553,Virgen
2023-05-01,0.29013366420474307,Virgen
2023-06-01,0.30804072830014756,Virgen
2023-07-01,0.3249260221865014,Virgen
2023-08-01,0.35675669662072856,Virgen
2023-09-01,0.33317292931278547,Virgen
2023-10-01,0.28142012612652273,Virgen
2023-11-01,0.2330436614072901,Virgen
2023-12-01,0.3013314599604927,Virgen
2024-01-01,0.32576732801931735,Virgen
2024-02-01,0.28751026736742236,Virgen
2024-03-01,0.28045212080946536,Virgen
2024-04-01,0.29010915507144397,Virgen
2024-05-01,0.2970535813416204,Virgen
2024-06-01,0.31541299702679665,Virgen
2024-07-01,0.30076944317126575,Virgen
2024-08-01,0.26075444262381314,Virgen
2024-09-01,0.17942164283830814,Virgen
2024-10-01,0.1997937004686644,Virgen
2025-01-01,0.20202953066394747,Virgen
2025-02-01,0.17607013002493319,Virgen
2025-03-01,0.18523223614828727,Virgen
2025-04-01,0.19674413352586606,Virgen
2025-05-01,0.19076141215278683,Virgen
2025-06-01,0.19347061346955358,Virgen
2025-07-01,0.22372976047715754,Virgen
2025-08-01,0.2043910375911489,Virgen
2025-09-01,0.2288629237502814,Virgen
2025-10-01,0.22600010170582416,Virgen
