Date,tdr_soil_moisture,smap_soil_moisture
2021-09-10,0.6918287037037038,0.22207146324217317
2021-09-11,0.6939320023148148,0.2240304630249738
2021-09-12,0.7114655671296296,0.2254182733595371
2021-09-13,0.7201527777777778,0.2242450658231973
2021-09-14,0.7062337962962961,0.22249608673155302
2021-09-15,0.6945691550925925,0.22082508727908132
2021-09-16,0.6884725115740742,0.21996805258095262
2021-09-17,0.6842896412037037,0.2187374327331781
2021-09-18,0.6802919560185184,0.2191291842609644
2021-09-19,0.6779484953703704,0.21782323345541948
2021-09-20,0.6749704861111111,0.21690018661320207
2021-09-21,0.6842123842592592,0.215391244739294
2021-09-22,0.7200859374999999,0.21453315205872053
2021-09-23,0.714691550925926,0.21479121968150136
2021-09-24,0.7079204282407406,0.21413146331906313
2021-09-25,0.713390914351852,0.2138542719185352
2021-09-26,0.709451388888889,0.21312090195715422
2021-09-27,0.7001880787037037,0.21147178485989565
2021-09-28,0.6924302662037037,0.21033864840865132
2021-09-29,0.6864372106481481,0.20958726853132242
2021-09-30,0.6862745949074075,0.20914450287818906
2021-10-01,0.6839673032407408,0.20894732326269144
2021-10-02,0.679894675925926,0.2077731247991323
2021-10-03,0.6762369791666667,0.20667983219027514
2021-10-04,0.683847800925926,0.2057946007698774
2021-10-05,0.6924635416666667,0.2048435807228088
2021-10-06,0.6934140625,0.2047250438481569
2021-10-07,0.692796875,0.20447513088583943
2021-10-08,0.6878041087962963,0.20304148457944388
2021-10-09,0.6827879050925927,0.20233487896621222
2021-10-10,0.6856976273148149,0.20191835239529607
2021-10-11,0.6978900462962963,0.20238217897713182
2021-10-12,0.7134719328703704,0.20175751484930513
2021-10-13,0.7104458912037037,0.20116645656526086
2021-10-14,0.6972907986111111,0.2003940753638744
2021-10-15,0.6779549019607843,0.20016924850642678
2021-10-16,0.6612733739837399,0.20093649253249163
2021-10-17,0.6834072978303748,0.20232951082289213
2021-10-18,0.7041382352941176,0.2055141646414995
2021-10-19,0.6862813131313131,0.20756092667579648
2021-10-20,0.7088538011695906,0.20971359498798842
2021-10-21,0.7093182261208577,0.2131608314812183
2021-10-22,0.7099770833333333,0.2157554719597101
2021-10-23,0.6985269230769231,0.2157905902713537
2021-10-24,0.7018282997762864,0.2177547179162502
2021-10-25,0.6941233766233766,0.21876767277717585
2021-10-26,0.7004523809523809,0.22492618113756177
2021-10-27,0.6967352941176471,0.2267142534255981
2021-10-28,0.6910449494949495,0.2267205975949764
2021-10-29,0.7019965686274509,0.2254039458930492
2021-10-30,0.70265625,0.2248922288417816
2021-10-31,0.704457619047619,0.22397021949291224
2021-11-01,0.6956916195856874,0.22319381125271318
2021-11-02,0.7081490990990992,0.22491259872913355
2021-11-03,0.7049593253968255,0.2265844978392124
2021-11-04,0.7024489700374533,0.22985835745930666
2021-11-05,0.6971842723004694,0.22836838476359841
2021-11-06,0.6957436342592592,0.22697708569467062
2021-11-07,0.6887552083333333,0.22664147615432736
2021-11-08,0.695212962962963,0.2272121664136648
2021-11-09,0.694302662037037,0.22992946766316885
2021-11-10,0.6918706597222221,0.2287625223398208
2021-11-11,0.6857294560185184,0.22722061723470685
2021-11-12,0.6803249421296297,0.2266473416239023
2021-11-13,0.6764930555555555,0.22644910588860506
2021-11-14,0.6730581597222223,0.2259009890258312
2021-11-15,0.66953125,0.22549797408282754
2021-11-16,0.6671174768518519,0.22596177272498605
2021-11-17,0.6635396412037037,0.22516372054815287
2021-11-18,0.6614675925925925,0.22434902377426622
2021-11-19,0.6596501736111112,0.22355033457279203
2021-11-20,0.6580879629629629,0.2231281585991382
2021-11-21,0.6561070601851853,0.22350630722939965
2021-11-22,0.6547682291666667,0.22276685573160646
2021-11-23,0.6538570601851852,0.22253739461302754
2021-11-24,0.6776278935185185,0.2244173754006624
2021-11-25,0.7306701388888889,0.22998809814453122
2021-11-26,0.7257954282407407,0.24495803564786905
2021-11-27,0.7159033564814813,0.2458707112818956
2021-11-28,0.7047430555555555,0.24282291345298285
2021-11-29,0.6976805555555554,0.24158095009624952
2021-11-30,0.6921140046296297,0.24172667227685446
2021-12-01,0.6870083912037037,0.24205334112048144
2021-12-02,0.6823998842592592,0.2427488528192043
2021-12-03,0.6783153935185186,0.24195056967437265
2021-12-04,0.6743645833333334,0.24168304167687887
2021-12-05,0.6710668402777777,0.2446295842528343
2021-12-06,0.6690674189814815,0.25003913231194014
2021-12-07,0.6668350694444444,0.2503631301224231
2021-12-08,0.6647502893518519,0.2483803760260343
2021-12-09,0.6626631944444443,0.2478733565658331
2021-12-10,0.6604832175925925,0.24560733698308465
2021-12-11,0.6606383101851852,0.24524705484509463
2021-12-12,0.6924641203703703,0.24666219577193257
2021-12-13,0.7159363425925925,0.2467687856405973
2021-12-14,0.7101770833333333,0.2455414161086082
2021-12-15,0.7142352430555556,0.2447304297238588
2021-12-16,0.7128692129629631,0.2439598329365253
2021-12-17,0.7249285300925926,0.24314397759735581
2021-12-18,0.7351791087962963,0.24201335199177262
2021-12-19,0.7285104166666668,0.2411522343754768
2021-12-20,0.718556423611111,0.24042091518640515
2021-12-21,0.7348538773148148,0.24028718098998064
2021-12-22,0.7221053240740741,0.2408944126218557
2021-12-23,0.710845486111111,0.24167603813111777
2021-12-24,0.7037476851851854,0.24055502004921434
2021-12-25,0.6941290509259259,0.23906778730452055
2021-12-26,0.6866221064814814,0.2386948689818382
2021-12-27,0.6801513310185184,0.23852548375725743
2021-12-28,0.6739861111111111,0.239705154672265
2021-12-29,0.6801229745370369,0.2418329175561666
2021-12-30,0.7207366898148148,0.24354182742536062
2021-12-31,0.709035300925926,0.24184289202094075
2022-01-01,0.6972902199074075,0.24012945033609862
2022-01-02,0.6895196759259258,0.2388317286968231
2022-01-03,0.6835787037037037,0.2384183313697576
2022-01-04,0.6766174768518519,0.23780586384236807
2022-01-05,0.669974537037037,0.23811729624867436
2022-01-06,0.6648981481481482,0.23828247934579846
2022-01-07,0.6605008680555555,0.2373662013560533
2022-01-08,0.6563504050925925,0.23765211738646025
2022-01-09,0.6526218171296297,0.2378086484968662
2022-01-10,0.6510014467592592,0.23800208047032353
2022-01-11,0.6516128472222221,0.23728311806917185
2022-01-12,0.6495587384259259,0.23622937500476834
2022-01-13,0.6471550925925926,0.23533971048891542
2022-01-14,0.6449482060185184,0.23487178608775136
2022-01-15,0.6431576967592593,0.2342941258102655
2022-01-16,0.642568287037037,0.23517314903438086
2022-01-17,0.6414291087962963,0.23440537415444848
2022-01-18,0.6386452546296296,0.2333281226456165
2022-01-19,0.6359293981481481,0.23257834836840627
2022-01-20,0.6348101851851852,0.23114321939647195
2022-01-21,0.6343894675925926,0.22994295507669446
2022-01-22,0.634609085648148,0.2286072541028261
2022-01-23,0.6383344907407408,0.22858870029449457
2022-01-24,0.6395034722222223,0.22777804173529145
2022-01-25,0.681130787037037,0.23433690331876272
2022-01-26,0.7217803819444445,0.24963992275297642
2022-01-27,0.7218949652777779,0.25635331496596336
2022-01-28,0.7249406828703703,0.26553191617131233
2022-01-29,0.7240656828703704,0.26618010923266405
2022-01-30,0.7104325810185186,0.2639528475701809
2022-01-31,0.7093428819444444,0.2635832875967026
2022-02-01,0.7031715856481481,0.2637556381523609
2022-02-02,0.695822337962963,0.2632055692374706
2022-02-03,0.6880026041666666,0.2611379511654377
2022-02-04,0.6813182870370369,0.2597766891121864
2022-02-05,0.6776866319444443,0.26295034959912295
2022-02-06,0.6753532986111112,0.2685106322169304
2022-02-07,0.6758411458333334,0.2725717611610889
2022-02-08,0.6849143518518518,0.2763647250831127
2022-02-09,0.7043023726851851,0.27722535282373423
2022-02-10,0.7005416666666666,0.2753624282777309
2022-02-11,0.7000564236111111,0.2744258195161819
2022-02-12,0.7183654513888889,0.27438612654805183
2022-02-13,0.7067563657407407,0.2755080461502075
2022-02-14,0.6992236689814816,0.28016311675310135
2022-02-15,0.6931629050925925,0.28354043141007423
2022-02-16,0.6936125578703703,0.2833752110600471
2022-02-17,0.6893142361111111,0.2830833345651626
2022-02-18,0.6841666666666667,0.28263967484235764
2022-02-19,0.6796883680555555,0.28248484432697296
2022-02-20,0.6743700810185186,0.28093716129660606
2022-02-21,0.6690931712962963,0.2778981663286686
2022-02-22,0.6650734953703704,0.2765643671154976
2022-02-23,0.6613865740740742,0.27606870979070663
2022-02-24,0.6635827546296297,0.27737288177013397
2022-02-25,0.672345486111111,0.2797073647379875
2022-02-26,0.685919849537037,0.2803213782608509
2022-02-27,0.6974068287037039,0.28726639226078987
2022-02-28,0.7110804398148148,0.2919384650886059
2022-03-01,0.7291918402777777,0.29289488866925234
2022-03-02,0.7306574074074074,0.2972121797502041
2022-03-03,0.7207132523148148,0.3048819378018379
2022-03-04,0.7174774305555557,0.30743094533681864
2022-03-05,0.7116247106481483,0.31033745780587196
2022-03-06,0.7170656828703704,0.31202547252178187
2022-03-07,0.7211944444444445,0.31334132701158524
2022-03-08,0.7045546874999999,0.31157155707478523
2022-03-09,0.6942546296296296,0.30912648513913155
2022-03-10,0.6870619212962964,0.307906087487936
2022-03-11,0.6806605902777778,0.3068617582321167
2022-03-12,0.6765217013888889,0.3054546006023883
2022-03-13,0.6732939814814815,0.30583053827285767
2022-03-14,0.6919719328703703,0.31296973302960396
2022-03-15,0.699287037037037,0.3169815242290497
2022-03-16,0.7050992476851853,0.3189912736415863
2022-03-17,0.7210755208333333,0.32050059735774994
2022-03-18,0.7071163194444444,0.32088275626301765
2022-03-19,0.7032942708333333,0.3209160529077053
2022-03-20,0.707810474537037,0.3262033089995384
2022-03-21,0.7008888888888888,0.32735904678702354
2022-03-22,0.7014181134259259,0.3256153389811516
2022-03-23,0.6975451388888888,0.3230208531022072
2022-03-24,0.6940763888888889,0.321212574839592
2022-03-25,0.6991073495370371,0.3207172490656376
2022-03-26,0.6957786458333333,0.3201521560549736
2022-03-27,0.7017557870370369,0.32188061624765396
2022-03-28,0.7038408564814814,0.32393642887473106
2022-03-29,0.7119629629629629,0.32462039217352867
2022-03-30,0.7216950231481482,0.32449247315526003
2022-03-31,0.7180008680555555,0.3247784823179245
2022-04-01,0.7243949652777778,0.32536374777555466
2022-04-02,0.7211935763888889,0.32803961634635925
2022-04-03,0.7065497685185186,0.32655876129865646
2022-04-04,0.6952294560185185,0.32415030896663666
2022-04-05,0.6894050925925925,0.3214942179620266
2022-04-06,0.6845552662037037,0.3189341686666012
2022-04-07,0.6811238425925925,0.3170369006693363
2022-04-08,0.6810387731481482,0.31545115262269974
2022-04-09,0.7043061342592591,0.31985836848616594
2022-04-10,0.7113831018518518,0.32499910518527025
2022-04-11,0.6995257523148148,0.3233744166791439
2022-04-12,0.6915789930555555,0.32083312049508095
2022-04-13,0.685675636574074,0.3186658136546611
2022-04-14,0.6833894675925926,0.31791317090392107
2022-04-15,0.6857841435185185,0.3177080303430557
2022-04-16,0.6883530092592592,0.3160000406205654
2022-04-17,0.6886631944444445,0.3144921399652958
2022-04-18,0.6980445601851852,0.31710581108927727
2022-04-19,0.7269308449074074,0.3199216350913048
2022-04-20,0.7266782407407408,0.3221444971859455
2022-04-21,0.7333214699074073,0.3286775313317775
2022-04-22,0.7227317708333333,0.3291069120168686
2022-04-23,0.7118541666666666,0.32700150832533836
2022-04-24,0.7017190393518519,0.32587485387921333
2022-04-25,0.6995619212962964,0.3244505748152733
2022-04-26,0.6941961805555555,0.3216876946389675
2022-04-27,0.6899351851851852,0.31923628598451614
2022-04-28,0.6892155671296295,0.3186358250677585
2022-04-29,0.7015526620370371,0.3178301565349102
2022-04-30,0.716806712962963,0.3167357556521892
2022-05-01,0.713240162037037,0.31577199697494507
2022-05-02,0.7001331018518518,0.31385229527950287
2022-05-03,0.6923961226851851,0.31185302883386606
2022-05-04,0.6966024305555555,0.3101348429918289
2022-05-05,0.7116597222222222,0.31079239398241043
2022-05-06,0.7209866898148148,0.3102053962647915
2022-05-07,0.7130697337962962,0.31005285680294037
2022-05-08,0.7000859374999999,0.30809782445430756
2022-05-09,0.6918897569444443,0.3064698614180088
2022-05-10,0.7016545138888889,0.30504284054040903
2022-05-11,0.713814236111111,0.30398837849497795
2022-05-12,0.7090827546296298,0.3024389110505581
2022-05-13,0.7180706018518518,0.30135323107242584
2022-05-14,0.712418113425926,0.30007700249552727
2022-05-15,0.7186967592592594,0.2997330613434315
2022-05-16,0.7221837384259259,0.2997969202697277
2022-05-17,0.7266892361111111,0.3078266680240631
2022-05-18,0.7270891203703703,0.31612657755613327
2022-05-19,0.7150558449074075,0.3212707005441189
2022-05-20,0.704359375,0.31825529783964157
2022-05-21,0.6952138310185184,0.31499202921986574
2022-05-22,0.6877881944444445,0.31251614168286324
2022-05-23,0.6836475694444445,0.31038205325603485
2022-05-24,0.6816038773148149,0.30935374647378916
2022-05-25,0.6833116319444444,0.30766679346561426
2022-05-26,0.7051264467592593,0.30634216591715807
2022-05-27,0.7151186860380117,0.30506082624197006
2022-05-28,0.7051030092592593,0.3033112995326519
2022-05-29,0.6999606481481481,0.3016521669924259
2022-05-30,0.6938767361111111,0.3004796840250492
2022-05-31,0.6930410879629628,0.2990374192595482
2022-06-01,0.6893599537037036,0.2983097694814205
2022-06-02,0.6865885416666666,0.30136531963944435
2022-06-03,0.691482638888889,0.3007201664149761
2022-06-04,0.6987372685185185,0.3028326630592346
2022-06-05,0.695535011574074,0.30179568752646446
2022-06-06,0.6894348958333333,0.3002257198095321
2022-06-07,0.6837635995370371,0.30091190338134766
2022-06-08,0.682780960648148,0.3019639775156975
2022-06-09,0.6824574652777776,0.3023970164358616
2022-06-10,0.6861699735449736,0.3025335222482681
2022-06-11,0.6972416087962964,0.30456141382455826
2022-06-12,0.7048191105769229,0.3026777729392051
2022-06-13,0.7002442129629628,0.3005604185163975
2022-06-14,0.6942678750647501,0.2987929880619049
2022-06-15,0.6886860532407407,0.29710561409592623
2022-06-16,0.6833339120370371,0.29465628787875175
2022-06-17,0.6786663773148148,0.2933564893901348
2022-06-18,0.6771041666666666,0.29259748756885523
2022-06-19,0.6994129050925925,0.29536011815071106
2022-06-20,0.6985940393518519,0.2946791686117649
2022-06-21,0.6928660300925927,0.29199494421482086
2022-06-22,0.7027728587962963,0.2910050079226494
2022-06-23,0.7201322337962962,0.2903883457183838
2022-06-24,0.7313593749999999,0.2894315086305141
2022-06-25,0.7405910060341241,0.2930186204612255
2022-06-26,0.7312266865079365,0.2947471886873245
2022-06-27,0.715389198196041,0.2928771302103996
2022-06-28,0.7020298032407407,0.2909380681812763
2022-06-29,0.693490451388889,0.2883801758289337
2022-06-30,0.6917216435185184,0.2864424511790275
2022-07-01,0.6906251841329966,0.28476371988654137
2022-07-02,0.6880564236111111,0.2828385159373283
2022-07-03,0.715486400462963,0.28302760422229767
2022-07-04,0.7350515046296296,0.2843467891216278
2022-07-05,0.7362657920597484,0.28365131095051765
2022-07-06,0.7374400655864197,0.2829651087522506
2022-07-07,0.7299126502902156,0.2817847169935703
2022-07-08,0.7136868634259259,0.28005554154515266
2022-07-09,0.7343553731167609,0.2801068983972072
2022-07-10,0.7183549467694567,0.2806191220879555
2022-07-11,0.705972357338065,0.2820058055222034
2022-07-12,0.6990592189749378,0.28214848414063454
2022-07-13,0.6973236511752137,0.2807404212653637
2022-07-14,0.6936342592592593,0.27912116423249245
2022-07-15,0.6883686342592591,0.27781327441334724
2022-07-16,0.683464699074074,0.2771452106535435
2022-07-17,0.6799414995352495,0.27572732418775553
2022-07-18,0.679933027687882,0.27460674941539764
2022-07-19,0.6823874421296297,0.27363820374011993
2022-07-20,0.686914240562678,0.27297692000865936
2022-07-21,0.6889665404040404,0.27191513776779175
2022-07-22,0.6907995580808081,0.2704654037952423
2022-07-23,0.6939712570687299,0.26923195645213127
2022-07-24,0.713361111111111,0.2685048393905163
2022-07-25,0.7152262731481481,0.2681686282157898
2022-07-26,0.7303828125000001,0.2723434045910835
2022-07-27,0.7265929462141597,0.28220750764012337
2022-07-28,0.7175216025858174,0.28241467848420143
2022-07-29,0.7062226470153665,0.279569648206234
2022-07-30,0.6962173032407405,0.2766353450715542
2022-07-31,0.6895353009259259,0.27461189404129976
2022-08-01,0.6845983919424744,0.27313245460391045
2022-08-02,0.6798162615740742,0.27212031930685043
2022-08-03,0.676976851851852,0.272116832435131
2022-08-04,0.6797126736111111,0.27034470066428185
2022-08-05,0.6848263888888888,0.26906196400523186
2022-08-06,0.687080439814815,0.26943226531147957
2022-08-07,0.6861156638500389,0.27084745466709137
2022-08-08,0.6827381365740742,0.26842087134718895
2022-08-09,0.684443287037037,0.26643039286136627
2022-08-10,0.6991765046296295,0.26567769423127174
2022-08-11,0.7101678240740741,0.2673940248787403
2022-08-12,0.7064403935185185,0.2680327594280243
2022-08-13,0.6978602410391663,0.2647415772080421
2022-08-14,0.6895101273148146,0.26181810349226
2022-08-15,0.6828405671296296,0.25988346710801125
2022-08-16,0.6775199652777778,0.25857119634747505
2022-08-17,0.6737522682757057,0.25700774043798447
2022-08-18,0.6705195519179895,0.2559527121484279
2022-08-19,0.6670116025349119,0.2538057900965214
2022-08-20,0.6699943181818181,0.2532738707959652
2022-08-21,0.6860880681818181,0.25369585305452347
2022-08-22,0.6932834595959596,0.25227608904242516
2022-08-23,0.6902679924242425,0.2504787892103195
2022-08-24,0.6851746883903135,0.24854336306452748
2022-08-25,0.6807962943543376,0.2465802617371082
2022-08-26,0.6770091551840872,0.24496046081185338
2022-08-27,0.6730891203703705,0.24348647706210608
2022-08-28,0.6700491898148148,0.24195466935634607
2022-08-29,0.6838443287037038,0.24168006330728528
2022-08-30,0.722782986111111,0.2426796946674585
2022-08-31,0.7288877314814814,0.24190469086170194
2022-09-01,0.7167818287037037,0.24055847525596616
2022-09-02,0.7053439305555554,0.23861618898808953
2022-09-03,0.6995908564814814,0.23674114607274527
2022-09-04,0.7046457093253968,0.2354350965470075
2022-09-05,0.7021935763888889,0.23439519479870793
2022-09-06,0.6977834571490095,0.23355291038751597
2022-09-07,0.6911420250896058,0.2317761573940515
2022-09-08,0.6848869389090178,0.22974512726068494
2022-09-09,0.6789088811249138,0.22782132774591443
2022-09-10,0.6754904513888889,0.22654838301241392
2022-09-11,0.6738246527777778,0.22639858350157732
2022-09-12,0.6701569494404476,0.2252476587891578
2022-09-13,0.666086943116272,0.22391830198466772
2022-09-14,0.6616597328406387,0.22197140939533708
2022-09-15,0.658852199074074,0.22036891989409918
2022-09-16,0.6571715856481481,0.2197477184236049
2022-09-17,0.659433912037037,0.22039883211255068
2022-09-18,0.6645040822072072,0.22009403631091112
2022-09-19,0.6623631365740741,0.21829167194664473
2022-09-20,0.6592732479246487,0.21694512106478211
2022-09-21,0.6561629298941799,0.21709711663424966
2022-09-22,0.6529629672816473,0.21652837283909318
2022-09-23,0.6505066550925925,0.21692681685090062
2022-09-24,0.6489517045454545,0.2171874530613422
2022-09-25,0.6474867301894919,0.21750062704086298
2022-09-26,0.6443672916666667,0.21673213504254812
2022-09-27,0.642253202487445,0.2151639405637979
2022-09-28,0.6397733613547759,0.21335251256823534
2022-09-29,0.6387135645856252,0.21197208389639852
2022-09-30,0.6383554080794505,0.21255049668252465
2022-10-01,0.6376293402777777,0.21338023804128167
2022-10-02,0.6374305555555556,0.21212049759924406
2022-10-03,0.6368508964447938,0.21067306771874422
2022-10-04,0.6354715608465609,0.2097241301089525
2022-10-05,0.6330146752868666,0.20881997421383855
2022-10-06,0.6299232327279203,0.20814118161797518
2022-10-07,0.6271957070707072,0.20921959355473513
2022-10-08,0.626803345959596,0.20925627090036866
2022-10-09,0.6300287247474746,0.20856691896915433
2022-10-10,0.6305541087962964,0.2069959789514541
2022-10-11,0.6296039605530187,0.2053588274866342
2022-10-12,0.6273894675925926,0.20413134247064588
2022-10-13,0.6242323389186204,0.20317430607974524
2022-10-14,0.6223342459045584,0.20332377403974528
2022-10-15,0.6493130787037037,0.20999640040099615
2022-10-16,0.6673052398989899,0.21021270193159575
2022-10-17,0.6652799495422389,0.20967307128012178
2022-10-18,0.663223673205596,0.20819617994129655
2022-10-19,0.6868763446350762,0.2078396491706371
2022-10-20,0.7203392143836074,0.20938232913613314
2022-10-21,0.7231090856481482,0.2094127889722585
2022-10-22,0.7219075427158274,0.209057692438364
2022-10-23,0.7251094771241829,0.2084015943109989
2022-10-24,0.7193793402777778,0.20935804583132261
2022-10-25,0.723809167916828,0.21224527060985562
2022-10-26,0.7191172308442044,0.21221417747437948
2022-10-27,0.7067689930555555,0.21173514425754542
2022-10-28,0.696453635620915,0.21050073765218252
2022-10-29,0.6887791280864198,0.20997217111289498
2022-10-30,0.6815394062843785,0.20918765664100644
2022-10-31,0.6745339755077658,0.2080389000475406
2022-11-01,0.6688225979972263,0.2080300450325012
2022-11-02,0.6656997438098211,0.20754555985331533
2022-11-03,0.6645938591893781,0.20769741758704183
2022-11-04,0.6622009099616859,0.20695795491337773
2022-11-05,0.6585846315065064,0.20607004128396508
2022-11-06,0.654761368349925,0.20576193183660502
2022-11-07,0.6510834223646723,0.20464493893086905
2022-11-08,0.6491400462962963,0.2038117256015539
2022-11-09,0.65236384568988,0.20426935516297814
2022-11-10,0.6529083076131688,0.2038841377943754
2022-11-11,0.6505817739256431,0.2043185271322727
2022-11-12,0.6477997685185185,0.20469663850963113
2022-11-13,0.643102046996124,0.20458691567182538
2022-11-14,0.638802599009901,0.20342952385544774
2022-11-15,0.64104375,0.20236671343445775
2022-11-16,0.6685627893518519,0.20257487706840033
2022-11-17,0.7139878674095607,0.20456015132367608
2022-11-18,0.7078652740442055,0.2053739614784717
2022-11-19,0.7018298874158249,0.20436024665832517
2022-11-20,0.6962489698468102,0.20317513868212694
2022-11-21,0.6903418554845905,0.2024847026914358
2022-11-22,0.6848255417503347,0.20171367749571797
2022-11-23,0.6790472685185186,0.2013324741274118
2022-11-24,0.6733370949074073,0.20086514391005036
2022-11-25,0.6681979166666667,0.20013564266264436
2022-11-26,0.6674700126262626,0.19959111511707303
2022-11-27,0.668136994949495,0.19988674856722352
2022-11-28,0.666790709579772,0.19978814385831353
2022-11-29,0.6622018435846561,0.19987829774618146
2022-11-30,0.6568652146464646,0.20024481043219566
2022-12-01,0.6536012731481481,0.20029584318399427
2022-12-02,0.6494618055555555,0.19907986186444757
2022-12-03,0.6470229166666667,0.19937749765813345
2022-12-04,0.6431853091931218,0.19812314771115777
2022-12-05,0.6391173150109856,0.197742223739624
2022-12-06,0.635878383945386,0.19658682495355603
2022-12-07,0.6339447337962962,0.1962774526327848
2022-12-08,0.6325555555555554,0.1956641767174005
2022-12-09,0.6307364004629629,0.19554249569773668
2022-12-10,0.6318313078703705,0.19489321485161779
2022-12-11,0.6462598379629629,0.1955312937498092
2022-12-12,0.6516055745577666,0.20027494989335531
2022-12-13,0.6497093888562858,0.2004038896411657
2022-12-14,0.6528130787037036,0.20135957375168798
2022-12-15,0.6545909214380197,0.2012715339660644
2022-12-16,0.655757480104071,0.20025587081909177
2022-12-17,0.6654877232142856,0.19993946887552735
2022-12-18,0.6859644619004249,0.20076283067464823
2022-12-19,0.685023547979798,0.20056063868105406
2022-12-20,0.6804987847222222,0.19948879070580003
2022-12-21,0.6758285413843722,0.2001533210277557
2022-12-22,0.6711839991290796,0.19955564290285108
2022-12-23,0.6690333140432099,0.19843671843409533
2022-12-24,0.6662462653423772,0.1983975879848003
2022-12-25,0.6644543483356775,0.1983907632529735
2022-12-26,0.6665512152777778,0.1996861323714256
2022-12-27,0.6651414930555556,0.19923053123056886
2022-12-28,0.6608581762566138,0.19886025600135324
2022-12-29,0.6568920454545454,0.19803425483405587
2022-12-30,0.6640726010101009,0.19883135333657262
2022-12-31,0.7001319444444444,0.2051823269575834
2023-01-01,0.7051704545454546,0.21068294532597062
2023-01-02,0.7063762626262626,0.2157981134951114
2023-01-03,0.703314236111111,0.21470694988965985
2023-01-04,0.6955499046840958,0.21344395540654654
2023-01-05,0.6877746031746033,0.2126420773565769
2023-01-06,0.6829683938746439,0.21492421999573705
2023-01-07,0.6805119949494949,0.2148654796183109
2023-01-08,0.6804741161616163,0.2145052999258041
2023-01-09,0.6886142939814816,0.2146933004260063
2023-01-10,0.6988484848484849,0.21671823970973486
2023-01-11,0.7275744949494949,0.22065781056880948
2023-01-12,0.7188021343954248,0.22319956123828885
2023-01-13,0.7121788194444445,0.2297334652394056
2023-01-14,0.7261487081839904,0.23173011094331736
2023-01-15,0.7229794560185184,0.23648789338767523
2023-01-16,0.723127521494709,0.24173455685377118
2023-01-17,0.7180057870370371,0.24205551110208032
2023-01-18,0.7275164617742743,0.24350506067275998
2023-01-19,0.7290350378787879,0.24539323896169657
2023-01-20,0.7288926767676768,0.24709838442504403
2023-01-21,0.7204113005050504,0.24831562675535676
2023-01-22,0.7096380208333334,0.24700798653066153
2023-01-23,0.6998599537037037,0.24519138783216474
2023-01-24,0.6975154671717173,0.24363491497933862
2023-01-25,0.7064909620098039,0.24227251857519147
2023-01-26,0.6979485751915707,0.24100294336676595
2023-01-27,0.6894065595391905,0.23956963978707788
2023-01-28,0.6820546875000001,0.2383593618869781
2023-01-29,0.6751396412037037,0.2363459914922714
2023-01-30,0.6693380155723906,0.23550449311733243
2023-01-31,0.6641316550925925,0.23470137827098364
2023-02-01,0.66014898989899,0.23510005325078961
2023-02-02,0.6587219065656565,0.23568655177950856
2023-02-03,0.6560772569444445,0.23415444418787953
2023-02-04,0.6533263888888888,0.23235682211816305
2023-02-05,0.6505438762626263,0.23154858872294423
2023-02-06,0.6511502525252525,0.23009888827800748
2023-02-07,0.6513140782828283,0.22942635416984555
2023-02-08,0.6505716540404041,0.22808438353240487
2023-02-09,0.6503674242424242,0.22689152322709558
2023-02-10,0.6490830176767677,0.22661045566201204
2023-02-11,0.6486786616161616,0.22622320428490636
2023-02-12,0.6488851010101011,0.22574033401906488
2023-02-13,0.6481957070707071,0.22543287836015222
2023-02-14,0.6504245580808079,0.22525853104889387
2023-02-15,0.6661070075757576,0.22607112303376192
2023-02-16,0.6649260499338624,0.22912449017167089
2023-02-17,0.6639722222222222,0.23923924006521702
2023-02-18,0.6734662247474748,0.2592931352555752
2023-02-19,0.7192954282407406,0.2683906815946102
2023-02-20,0.7108443287037037,0.26932634040713305
2023-02-21,0.7146944444444445,0.27335576713085175
2023-02-22,0.7199428661616163,0.280351247638464
2023-02-23,0.7118639520202019,0.2810420021414757
2023-02-24,0.7047054924242424,0.27926117926836014
2023-02-25,0.6963929924242425,0.277807243168354
2023-02-26,0.6891079545454546,0.27693716436624527
2023-02-27,0.6830558712121213,0.2749858014285564
2023-02-28,0.6839106691919192,0.2735459804534912
2023-03-01,0.6985988005050504,0.2726195119321346
2023-03-02,0.7043626893939395,0.27124572172760963
2023-03-03,0.7086347853535353,0.2696389704942703
2023-03-04,0.700335542929293,0.2687019668519497
2023-03-05,0.7057541035353535,0.26976078376173973
2023-03-06,0.7128639520202019,0.27433929964900017
2023-03-07,0.7171530934343434,0.27770723775029177
2023-03-08,0.7302496843434344,0.28432011976838106
2023-03-09,0.7330179924242425,0.28764923661947245
2023-03-10,0.7261780303030303,0.2923414967954158
2023-03-11,0.7138203914141413,0.2955741100013256
2023-03-12,0.704925505050505,0.2964918166399002
2023-03-13,0.7014199074074075,0.2978183813393116
2023-03-14,0.6968636363636364,0.30801134184002876
2023-03-15,0.695680613425926,0.31042869761586184
2023-03-16,0.6904561206427015,0.310335386544466
2023-03-17,0.6844269301470588,0.3077744282782077
2023-03-18,0.6790324244281046,0.3061327449977398
2023-03-19,0.6755393644323672,0.3051180317997932
2023-03-20,0.6717100281084655,0.30408327654004097
2023-03-21,0.6674575810185185,0.3021143302321434
2023-03-22,0.6630352471525729,0.3001414984464645
2023-03-23,0.6581300505050506,0.2978682965040207
2023-03-24,0.6755710227272729,0.2978146933019161
2023-03-25,0.7160041035353535,0.30572304502129555
2023-03-26,0.7185568181818182,0.30506276711821556
2023-03-27,0.7076354166666667,0.3032923862338066
2023-03-28,0.7144040404040404,0.3024427816271782
2023-03-29,0.7205902777777778,0.30311562493443484
2023-03-30,0.7077010732323233,0.30293047055602074
2023-03-31,0.7144299242424242,0.3048442602157593
2023-04-01,0.7181410984848485,0.307128868997097
2023-04-02,0.7114431818181818,0.30563659220933914
2023-04-03,0.7058630050505049,0.3051098026335239
2023-04-04,0.7027733585858588,0.30478234589099884
2023-04-05,0.7044296085858585,0.3116499297320842
2023-04-06,0.7097575757575757,0.31954056024551386
2023-04-07,0.7150874368686868,0.32423244789242744
2023-04-08,0.7181622474747474,0.3236319236457348
2023-04-09,0.7112212752525253,0.3276371322572231
2023-04-10,0.7025489267676769,0.32478513568639755
2023-04-11,0.7013535353535354,0.32334914058446884
2023-04-12,0.7030909090909091,0.3213871754705906
2023-04-13,0.6981177398989898,0.31892647594213486
2023-04-14,0.6927941919191919,0.3182414248585701
2023-04-15,0.688464962121212,0.3209664337337017
2023-04-16,0.6903715277777777,0.322163637727499
2023-04-17,0.699697601010101,0.3284726962447166
2023-04-18,0.6995012626262627,0.33133628964424133
2023-04-19,0.6940372474747476,0.3285246305167675
2023-04-20,0.7247052845528454,0.32751290127635
2023-04-21,0.7097749368686869,0.3283606246113777
2023-04-22,0.711440798611111,0.33127428963780403
2023-04-23,0.7131136363636364,0.3354384042322635
2023-04-24,0.7101932291666667,0.3337216377258301
2023-04-25,0.717282196969697,0.3369832336902618
2023-04-26,0.7134557291666667,0.3379579968750477
2023-04-27,0.7272870633417509,0.33761855959892273
2023-04-28,0.730229797979798,0.3364043496549129
2023-04-29,0.7291597222222223,0.33358292654156685
2023-04-30,0.7170909090909091,0.3309636786580086
2023-05-01,0.708487058080808,0.3285958766937256
2023-05-02,0.7010309343434342,0.32595913484692574
2023-05-03,0.6965306186868687,0.3231039121747017
2023-05-04,0.694188446969697,0.32044729217886925
2023-05-05,0.6901262626262626,0.31812526285648346
2023-05-06,0.6859873737373736,0.3168095201253891
2023-05-07,0.6817238005050504,0.314716637134552
2023-05-08,0.6767550505050506,0.31243040785193443
2023-05-09,0.6793989898989898,0.31141128391027445
2023-05-10,0.7087367424242423,0.311350766569376
2023-05-11,0.7139261363636362,0.31156739965081215
2023-05-12,0.7050905934343434,0.3122658655047416
2023-05-13,0.6998352272727272,0.3102581426501274
2023-05-14,0.7046840277777778,0.3082766905426979
2023-05-15,0.7013895202020202,0.30624639615416527
2023-05-16,0.6954122474747474,0.30453869327902794
2023-05-17,0.6883566919191919,0.3025193363428116
2023-05-18,0.6826887626262625,0.3001520670950413
2023-05-19,0.681115436159844,0.2979856841266155
2023-05-20,0.7132522095959595,0.29731980338692665
2023-05-21,0.7070726010101009,0.3010112345218658
2023-05-22,0.6979166666666666,0.29902974888682365
2023-05-23,0.7141909722222223,0.30048325657844543
2023-05-24,0.7055451388888888,0.30610083043575287
2023-05-25,0.6973399621212121,0.3054012171924114
2023-05-26,0.7169337121212122,0.30512915924191475
2023-05-27,0.7048039772727273,0.30586472153663635
2023-05-28,0.6987272727272728,0.3064637705683708
2023-05-29,0.6932705176767676,0.30652107298374176
2023-05-30,0.687054292929293,0.3046152628958225
2023-05-31,0.6851133207070708,0.302622627466917
2023-06-01,0.6909406565656565,0.3017939664423466
2023-06-02,0.6985116792929293,0.3002307824790478
2023-06-03,0.6961628787878787,0.2998359613120556
2023-06-04,0.6916600378787879,0.29925747960805893
2023-06-05,0.6941199494949496,0.29841845855116844
2023-06-06,0.7061919191919191,0.29748284444212914
2023-06-07,0.718489898989899,0.2981749586760998
2023-06-08,0.7247970328282828,0.29769680649042124
2023-06-09,0.7155675505050505,0.29614539071917534
2023-06-10,0.7118172348484848,0.29496473073959345
2023-06-11,0.7069154040404041,0.29629863426089287
2023-06-12,0.697526515151515,0.2942568697035312
2023-06-13,0.6907894570707072,0.2915127612650394
2023-06-14,0.6894605429292929,0.2893530949950218
2023-06-15,0.7084238200823567,0.28867677971720695
2023-06-16,0.7225609217171717,0.2885091379284858
2023-06-17,0.7116351010101011,0.2877132296562194
2023-06-18,0.7006960227272727,0.28579449281096453
2023-06-19,0.6924624368686868,0.28326692432165146
2023-06-20,0.6853762626262626,0.2810785062611103
2023-06-21,0.6797986111111111,0.27945587038993835
2023-06-22,0.6759371843434342,0.2784334421157837
2023-06-23,0.6728967803030304,0.27746920287609095
2023-06-24,0.687,0.27614937350153923
2023-06-25,0.7074924242424242,0.2744933106005192
2023-06-26,0.7107048611111111,0.27290406450629234
2023-06-27,0.7026704545454545,0.27258822321891785
2023-06-28,0.695965909090909,0.27138418331742287
2023-06-29,0.6983560606060606,0.2691680118441581
2023-06-30,0.7137512626262628,0.269225899130106
2023-07-01,0.7061357323232325,0.2678114101290703
2023-07-02,0.6981420454545455,0.2654041238129139
2023-07-03,0.6908584143518518,0.26345669850707054
2023-07-04,0.6844161102207976,0.2614744268357754
2023-07-05,0.6785571338383839,0.2597770132124424
2023-07-06,0.6752086489898989,0.25877698510885233
2023-07-07,0.679469696969697,0.2572448141872883
2023-07-08,0.7089292929292929,0.26557279005646706
2023-07-09,0.7056650883838383,0.2727792412042618
2023-07-10,0.6999772727272727,0.2726436257362366
2023-07-11,0.697142361111111,0.2700435742735863
2023-07-12,0.6965151515151515,0.2673686370253563
2023-07-13,0.6916688762626262,0.264935240149498
2023-07-14,0.6869949494949495,0.26285138353705406
2023-07-15,0.6841126893939393,0.26448171958327293
2023-07-16,0.6836202651515152,0.2669376954436302
2023-07-17,0.6853295454545454,0.2651343010365963
2023-07-18,0.7117345328282828,0.26390200480818743
2023-07-19,0.7064261363636364,0.2617962807416916
2023-07-20,0.7018765782828282,0.25927548110485077
2023-07-21,0.6993071338383838,0.2577315382659435
2023-07-22,0.6956205808080806,0.2562507204711437
2023-07-23,0.6907657828282829,0.2549809701740742
2023-07-24,0.6866755050505051,0.2534713111817837
2023-07-25,0.6830721643518518,0.2524992451071739
2023-07-26,0.6780810562600647,0.2505863085389137
2023-07-27,0.6740321969696971,0.24867031536996362
2023-07-28,0.6746417297979798,0.24692756868898863
2023-07-29,0.6746568813131314,0.24583806470036504
2023-07-30,0.6758219696969697,0.24423716403543944
2023-07-31,0.676776515151515,0.2413133047521114
2023-08-01,0.6748058712121212,0.2395429071038961
2023-08-02,0.6743664772727272,0.23953425884246823
2023-08-03,0.6759011544011545,0.23824279382824892
2023-08-10,0.6745074437757365,0.23047951050102708
2023-08-11,0.6721076388888889,0.2288746442645788
2023-08-12,0.6696928661616162,0.22744444012641904
2023-08-13,0.6678336489898992,0.22669163346290586
2023-08-14,0.6782121212121213,0.2269412241876125
2023-08-15,0.7311606691919191,0.22606839425861833
2023-08-16,0.7261079545454545,0.22356634028255934
2023-08-17,0.7105227272727273,0.22194158099591726
2023-08-18,0.7009158732825568,0.22110157087445254
2023-08-19,0.6901234217171718,0.21938775107264516
2023-08-20,0.6834040404040405,0.2184135317802429
2023-08-21,0.7053137626262626,0.22143077477812764
2023-08-22,0.7276638257575757,0.2269727326929569
2023-08-23,0.7192847222222222,0.22947085648775098
2023-08-24,0.707178345959596,0.22669519856572148
2023-08-25,0.6971366792929294,0.22582887485623354
2023-08-26,0.6902973484848484,0.22552176378667352
2023-08-27,0.6834794823232323,0.2233665976673364
2023-08-28,0.6788945707070708,0.2234856281429529
2023-08-29,0.6762121212121212,0.22323704324662683
2023-08-30,0.6719551504629631,0.22077775374054906
2023-08-31,0.6671098484848486,0.2187603302299976
2023-09-01,0.6656727430555556,0.21792185865342611
2023-09-02,0.6605115162037036,0.2162634134292602
2023-09-03,0.6559747437169312,0.21607050485908982
2023-09-04,0.6534570707070707,0.21494632959365842
2023-09-05,0.6536710858585859,0.21376237273216242
2023-09-06,0.6550520833333333,0.21180744841694826
2023-09-07,0.6537795138888888,0.20987631194293496
2023-09-08,0.6509956597222222,0.20799577794969076
2023-09-09,0.6452594080687831,0.20665859244763848
2023-09-10,0.6426637731481483,0.2052444331347942
2023-09-11,0.6440639467592593,0.2054714169353246
2023-09-12,0.638053345959596,0.20466528274118895
2023-09-13,0.6342256944444444,0.203587369993329
2023-09-14,0.6317863005050506,0.2026438862085342
2023-09-15,0.6317238005050504,0.20239161327481267
2023-09-16,0.6324154040404041,0.20211077854037282
2023-09-17,0.6306859217171716,0.20038302242755887
2023-09-18,0.6283434343434343,0.19882423244416708
2023-09-19,0.626815340909091,0.1978430207818746
2023-09-20,0.6255520322712419,0.19706571288406846
2023-09-21,0.6220239898989899,0.19785165973007673
2023-09-22,0.6198333333333333,0.19735710881650445
2023-09-23,0.6186183712121213,0.1958876699209213
2023-09-24,0.6179924242424242,0.19469153881072995
2023-09-25,0.616821654040404,0.19432432018220422
2023-09-26,0.6151466435185186,0.195377130061388
2023-09-27,0.6107537878787878,0.19598152115941045
2023-09-28,0.6075738636363637,0.19550235569477076
2023-09-29,0.6058427662037037,0.19533678330481047
2023-09-30,0.6020767045454546,0.1934882458299398
2023-10-01,0.6005915404040404,0.19236501492559907
2023-10-02,0.5989548611111112,0.19148669205605978
2023-10-03,0.6020925925925925,0.19089125469326967
2023-10-04,0.6211400462962964,0.19025688990950582
2023-10-05,0.6182679924242425,0.1899224631488323
2023-10-06,0.6163880208333333,0.18972999975085256
2023-10-07,0.6167306134259259,0.18981091305613512
2023-10-08,0.6147679924242424,0.18791501782834527
2023-10-09,0.6144264520202021,0.1878209952265024
2023-10-10,0.6271136363636364,0.1888911500573158
2023-10-11,0.6360616319444444,0.19007242284715173
2023-10-12,0.6350173611111111,0.19020118191838262
2023-10-13,0.6316849747474748,0.18971896544098849
2023-10-14,0.6313876262626262,0.18916019052267072
2023-10-15,0.6326203703703704,0.18975780345499513
2023-10-16,0.6320508207070707,0.1884078402072191
2023-10-17,0.6314577546296297,0.1871981974691152
2023-10-18,0.6289302398989899,0.18634526990354058
2023-10-19,0.6290612373737374,0.18516859412193296
2023-10-20,0.6322945075757577,0.18447571806609625
2023-10-21,0.6352048611111111,0.1844705585390329
2023-10-22,0.6350842803030303,0.18431000784039492
2023-10-23,0.6336707175925926,0.1844225246459245
2023-10-24,0.6314626736111111,0.18456090427935118
2023-10-25,0.630830150462963,0.18355412967503065
2023-10-26,0.6291585648148149,0.1830587852746248
2023-10-27,0.6285508207070707,0.18267018161714074
2023-10-28,0.6292493686868688,0.18261134251952166
2023-10-29,0.6286174242424244,0.18293644115328786
2023-10-30,0.6275228239346274,0.18393070437014097
2023-10-31,0.6260373604302832,0.1854488383978605
2023-11-01,0.6240833333333333,0.18520803935825822
2023-11-02,0.6206253156565656,0.18448187597095964
2023-11-03,0.6166770833333334,0.18372324667870996
2023-11-04,0.6119207702020201,0.18301414884626863
2023-11-05,0.609755787037037,0.18379648774862284
2023-11-06,0.6071205808080808,0.18519387580454347
2023-11-07,0.6073901515151515,0.18435557745397088
2023-11-08,0.6064804292929293,0.18376143276691434
2023-11-09,0.6060454545454547,0.18330663256347174
2023-11-10,0.6087244318181818,0.1822438091039657
2023-11-11,0.6103197601010101,0.18186638876795766
2023-11-12,0.6161736111111111,0.18120659328997132
2023-11-13,0.6308273358585859,0.1804798692464828
2023-11-14,0.6293077651515152,0.18073961324989793
2023-11-15,0.6309520202020201,0.18088242784142491
2023-11-16,0.6331171085858585,0.1854082457721233
2023-11-17,0.6291982060185184,0.18505481816828245
2023-11-18,0.6250293560606061,0.18436887487769124
2023-11-19,0.6202613636363637,0.18400832824409005
2023-11-20,0.615481691919192,0.18600893951952455
2023-11-21,0.6110189393939393,0.1903517562896013
2023-11-22,0.6076180555555555,0.19050488248467443
2023-11-23,0.6063409090909091,0.19013923592865464
2023-11-24,0.6093806818181818,0.1938615385442972
2023-11-25,0.6137346643518518,0.19333538971841333
2023-11-26,0.6124371843434343,0.19378717988729474
2023-11-27,0.6111808712121212,0.19249766878783697
2023-11-28,0.6115369318181818,0.19131140969693655
2023-11-29,0.6124185606060606,0.19037451595067972
2023-11-30,0.6116906565656565,0.1899305116385221
2023-12-01,0.6108844696969696,0.18907398171722883
2023-12-02,0.6099993686868687,0.18842736259102819
2023-12-03,0.6086281828703703,0.18812013603746888
2023-12-04,0.6053566919191918,0.187267554923892
2023-12-05,0.6046363636363636,0.1861263923346996
2023-12-06,0.6054428661616161,0.18541429378092286
2023-12-07,0.6048544823232322,0.18510259874165053
2023-12-08,0.6046616161616162,0.18484010919928548
2023-12-09,0.6049772727272728,0.1839529294520616
2023-12-10,0.6049829545454546,0.18356776237487787
2023-12-11,0.6042853535353535,0.18298822641372678
2023-12-12,0.6039363425925925,0.18211453594267366
2023-12-13,0.6012244318181817,0.18162224255502218
2023-12-14,0.6015366536858645,0.1816835273057222
2023-12-15,0.6364040404040404,0.18161817267537114
2023-12-16,0.6671966540404038,0.1840855050832033
2023-12-17,0.7023232323232323,0.18744719214737413
2023-12-18,0.7302130671296295,0.19289489090442652
2023-12-19,0.7192124368686869,0.1977340523153543
2023-12-20,0.727417824074074,0.19664335623383516
2023-12-21,0.7323203914141413,0.196671936661005
2023-12-22,0.7217755681818181,0.19642710126936433
2023-12-23,0.7262872474747475,0.19586651958525178
2023-12-24,0.7132982954545456,0.1970899328589439
2023-12-25,0.6992660984848486,0.19751114584505555
2023-12-26,0.6978317550505051,0.19827573560178274
2023-12-27,0.735782196969697,0.20582445524632925
2023-12-28,0.7340031565656566,0.21924495324492452
2023-12-29,0.7337184343434344,0.22882460057735438
2023-12-30,0.7242509469696969,0.2324813306331634
2023-12-31,0.7212203282828283,0.2355730310082435
2024-01-01,0.7224270833333333,0.24446638487279412
2024-01-02,0.7183616898148149,0.25670733302831644
2024-01-03,0.7150975378787879,0.26440977305173874
2024-01-04,0.7130050505050506,0.26613670960068697
2024-01-05,0.7126537247474748,0.26674045622348785
2024-01-06,0.7030746527777779,0.264477539807558
2024-01-07,0.6919902146464647,0.2626340389251709
2024-01-08,0.686500946969697,0.2601180858910083
2024-01-09,0.68246875,0.2586182877421379
2024-01-10,0.6843052662037037,0.25706735253334045
2024-01-11,0.6753017676767675,0.25704488903284073
2024-01-12,0.6969719328703704,0.2641872614622116
2024-01-13,0.7090126262626263,0.27204387262463564
2024-01-14,0.7238614267676767,0.2738788165152073
2024-01-15,0.7029160353535353,0.2728004567325115
2024-01-16,0.6982209595959596,0.27086174115538597
2024-01-17,0.7101120580808081,0.26945126429200167
2024-01-18,0.7156392045454546,0.2687426581978798
2024-01-19,0.7053295454545455,0.2674854174256325
2024-01-20,0.7037642045454544,0.26586394011974335
2024-01-21,0.7042380050505049,0.2647436819970608
2024-01-22,0.6986253156565657,0.26295417174696917
2024-01-23,0.691214015151515,0.2606540732085705
2024-01-24,0.6834529671717172,0.25854949280619616
2024-01-25,0.6782941919191919,0.2570662535727024
2024-02-22,0.6866759108946608,0.2992106638848781
2024-02-23,0.6812372062101463,0.2956511192023754
2024-02-24,0.6757938639643185,0.29356104880571365
2024-02-25,0.669731856493434,0.2919193170964718
2024-02-26,0.6605743055555556,0.2926045060157776
2024-02-27,0.657510763888889,0.29355666413903236
2024-02-28,0.6549357638888889,0.29194081574678415
2024-02-29,0.6520739583333334,0.29024727642536163
2024-03-01,0.68845,0.29431145265698433
2024-03-02,0.7232312499999999,0.3010491095483303
2024-03-03,0.7198652777777779,0.2993501238524914
2024-03-04,0.7046211805555556,0.2994180582463741
2024-03-05,0.6937319444444444,0.2976852171123028
2024-03-06,0.685909375,0.2952972240746021
2024-03-07,0.6813229166666666,0.29307324811816216
2024-03-08,0.6781625,0.29125336185097694
2024-03-09,0.6764812499999999,0.28916223347187037
2024-03-10,0.6809232638888888,0.2874265499413013
2024-03-11,0.6778114583333333,0.2855208925902843
2024-03-12,0.6741069444444444,0.28398269414901733
2024-03-13,0.6726350694444445,0.2828173860907554
2024-03-14,0.6789024305555555,0.2819945849478244
2024-03-15,0.6792510416666666,0.2809858098626137
2024-03-16,0.6758979166666667,0.2795929461717605
2024-03-17,0.6703593750000001,0.2777790986001491
2024-03-18,0.6649340277777778,0.2762418054044246
2024-03-19,0.6610284722222222,0.2753709405660629
2024-03-20,0.6570586805555556,0.2771408259868622
2024-03-21,0.6577487373737374,0.27545006573200226
2024-08-16,0.6247569444444445,0.20660420693457124
2024-08-17,0.6234400252525251,0.20519451238214967
2024-08-18,0.6217010732323233,0.2038179840892553
2024-08-19,0.6194321338383838,0.2023714650422334
2024-08-20,0.6173838383838384,0.20123367011547083
2024-08-21,0.6171474116161616,0.20013111643493173
2024-08-22,0.6167026515151516,0.1994685139507055
2024-08-23,0.6155779671717171,0.19821201264858243
2024-08-24,0.614137941919192,0.1976381968706846
2024-08-25,0.6123166035353536,0.1965732220560312
2024-08-26,0.6112357954545455,0.20503202266991136
2024-08-27,0.6107929292929293,0.20936012454330918
2024-08-28,0.609376893939394,0.2062911298125982
2024-08-29,0.6037305555555554,0.204168576747179
2024-08-30,0.6005262830154462,0.20233322307467458
2024-08-31,0.5977518325617285,0.20024707727134222
2024-09-01,0.5958754997895622,0.19868126697838304
2024-09-02,0.597958648989899,0.1971283573657274
2024-09-03,0.5939021990740742,0.1951268166303634
2024-09-04,0.5944362373737374,0.19387878105044362
2024-09-05,0.5920798611111111,0.1929996851831674
2024-09-06,0.5907787247474747,0.1920288354158401
2024-09-07,0.5904116161616162,0.1912542227655649
2024-09-08,0.5893964646464647,0.18988945148885247
2024-09-09,0.589643308080808,0.18918207660317418
2024-09-10,0.587767361111111,0.18851719796657557
2024-09-11,0.5851442625661377,0.18729209899902338
2024-09-12,0.5824768356643357,0.18594098463654515
2024-09-13,0.5795792824074075,0.18520959280431265
2024-09-14,0.5765211226851851,0.18380654230713842
2024-09-15,0.5732170138888889,0.18267291225492951
2024-09-16,0.5713466435185184,0.18519928306341166
2024-09-17,0.570576099537037,0.18650665879249567
2024-09-18,0.5685254629629629,0.184753343462944
2024-09-19,0.5663055555555556,0.18303064443171022
2024-09-20,0.5652798032407408,0.18216485902667043
2024-09-21,0.565859375,0.1811158414930105
2024-09-22,0.5795700231481482,0.1805027443915605
2024-09-23,0.5807123842592592,0.17993588373064992
2024-09-24,0.5784045138888889,0.1788593418896198
2024-09-25,0.5756921296296296,0.17758184112608427
2024-09-26,0.5724635416666667,0.17650385014712805
2024-09-27,0.5695642361111112,0.17943391390144822
2024-09-28,0.5731608796296296,0.1818509045988321
2024-09-29,0.5951490162037038,0.184374900534749
2024-09-30,0.6076264467592593,0.19111774861812586
2024-10-01,0.613154513888889,0.1957756336778402
2024-10-02,0.6388628429981077,0.20163918472826478
2024-10-03,0.6468624296765119,0.20829158090054983
2024-10-04,0.6439450231481482,0.21061609685420987
2024-10-05,0.6376385732323233,0.2096069063991308
2024-10-06,0.6350880681818182,0.2102209031581878
2024-10-07,0.632840909090909,0.20897679217159743
2024-10-08,0.6311622474747476,0.20899507962167257
2024-10-09,0.6299217171717172,0.21085171774029726
2024-10-10,0.6292774621212122,0.21105365641415116
2024-10-11,0.6455227272727271,0.21453871764242646
2024-10-12,0.648772095959596,0.21616700477898115
2024-10-13,0.6459403409090909,0.21484196372330186
2024-10-14,0.6441092171717172,0.21400225535035128
2024-10-15,0.6465880681818181,0.21377615258097646
2024-10-16,0.6495709490740741,0.21367698162794108
2024-10-17,0.6429624368686869,0.21208210103213782
2024-10-18,0.6397243308752744,0.21337427385151383
2024-10-19,0.6351133859233657,0.2153255585581064
2024-10-20,0.6311005204286455,0.21717846207320685
2024-10-21,0.6283421635536398,0.2183464206755161
2024-10-22,0.6256627314814814,0.21974401362240312
2024-10-23,0.6219229797979797,0.22320315614342684
2024-10-24,0.6203102904040404,0.22530966624617574
2024-10-25,0.6172740069615069,0.2232161536812782
2024-10-26,0.6132525252525253,0.22038310579955575
2024-10-27,0.6081940972222222,0.21944715827703473
2024-10-28,0.6067479166666667,0.24154811725020406
2024-10-29,0.6076527777777778,0.2518398892134428
2024-10-30,0.6076347222222223,0.2520094215869903
2024-10-31,0.6067184027777778,0.24847541376948354
2024-11-01,0.6044454861111112,0.2487133368849754
2024-11-02,0.6027065972222221,0.25422632694244385
2024-11-03,0.6015680555555555,0.25682420656085014
2024-11-04,0.6011915509259259,0.26905882731080055
2024-11-05,0.5950621468926554,0.27789755910634995
2024-11-06,0.5938010416666666,0.2723181992769241
2024-11-08,0.5882580351948808,0.2775995545089245
2024-11-09,0.5794951989772874,0.2797032669186592
2024-11-10,0.576182100585255,0.28174571692943573
2024-11-11,0.569860164141414,0.2824588119983673
2024-11-12,0.5669716065283888,0.28179023042321205
2024-11-13,0.5624441412480062,0.2783571667969227
2024-11-14,0.5562165369352868,0.27404846251010895
2024-11-15,0.5536752842862757,0.2727043740451336
2024-11-16,0.549581011634668,0.26817790046334267
2024-11-17,0.5465748903094249,0.2665121480822563
2024-11-18,0.5436065724206349,0.2650515437126159
2024-11-19,0.5405829199735449,0.2620106004178524
2024-11-20,0.5368406238924331,0.26327213644981384
2024-11-21,0.5413895833333334,0.26544652879238123
2024-11-22,0.5270483619085593,0.2665792144834995
2024-11-23,0.5352979166666667,0.2697443291544914
2024-11-24,0.5326465277777777,0.26711220666766167
2024-11-25,0.5302236111111112,0.2660305872559547
2024-11-26,0.5277868055555556,0.2652306035161018
2024-11-27,0.5281788194444446,0.2632927745580673
2024-11-28,0.530653125,0.2640913724899292
2024-11-29,0.5369086805555555,0.26432114467024803
2024-11-30,0.5368972222222222,0.2620361149311065
2024-12-01,0.5360149305555555,0.26075479015707964
2024-12-02,0.5225303819444445,0.25636252015829086
2024-12-03,0.5315875,0.25495779886841774
2024-12-04,0.5339128472222222,0.2566783726215362
2024-12-05,0.5402402777777777,0.2568795047700405
2024-12-06,0.5428520833333333,0.26236821711063385
2024-12-07,0.5545562499999999,0.2662459723651409
2024-12-08,0.5598959135850026,0.2696272134780884
2024-12-09,0.568246428096757,0.2707134261727333
2024-12-10,0.5781934027777778,0.2698254249989986
2024-12-11,0.5795961805555556,0.26877118647098536
2024-12-12,0.5728537882834758,0.2672736123204231
2024-12-13,0.5814190972222223,0.2651496045291423
2024-12-14,0.594014236111111,0.26546240597963333
2024-12-15,0.593052587040619,0.26423463970422745
2024-12-16,0.5903815656565656,0.26251690089702606
2024-12-17,0.5933333333333334,0.2610347382724285
2024-12-18,0.5914583333333333,0.25949283689260483
2024-12-19,0.5909440972222222,0.2578781843185425
2024-12-20,0.5914656250000001,0.2575111910700798
2024-12-21,0.5922555555555556,0.25664256140589714
2024-12-22,0.601171875,0.25626975297927856
2024-12-23,0.6230059027777778,0.2566493265330791
2024-12-24,0.6530443133255633,0.2589919939637184
2024-12-25,0.6495434027777777,0.26136792078614235
2024-12-26,0.6474236111111111,0.26428551599383354
2024-12-27,0.6753663194444444,0.2731152102351188
2024-12-28,0.6895114583333333,0.2854163572192192
2024-12-29,0.6860395833333334,0.2869590222835541
2024-12-30,0.7022222222222222,0.28978792950510973
2024-12-31,0.7207777777777779,0.2951076254248619
2025-01-01,0.7281746527777779,0.29600220546126366
2025-01-02,0.7335020833333334,0.30137573555111885
2025-01-03,0.7300579861111112,0.3069727346301079
2025-01-04,0.7359677083333334,0.3139304481446743
2025-01-05,0.7234409722222223,0.3166967630386352
2025-01-06,0.6936604166666667,0.3182619474828243
2025-01-07,0.6837989583333333,0.32861392199993134
2025-01-08,0.7240614583333332,0.34997938945889473
2025-01-09,0.7062156249999999,0.3649620562791824
2025-01-10,0.7075081018518518,0.36500565335154533
2025-01-11,0.6826399305555555,0.36380453407764435
2025-01-12,0.6797319444444445,0.3612627200782299
2025-01-13,0.6728809027777778,0.35707275196909904
2025-01-14,0.6678635416666667,0.3595864437520504
2025-01-15,0.6661020833333333,0.3663585409522056
2025-01-16,0.6649944444444443,0.37001363560557365
2025-01-17,0.6692329545454546,0.368653129786253
2025-01-18,0.662553125,0.3709332309663296
2025-01-19,0.6640508207070707,0.3739005774259567
2025-01-20,0.6633958333333333,0.3701222501695156
2025-01-21,0.6620996527777778,0.37166026234626764
2025-01-22,0.6663416666666666,0.376989521086216
2025-01-23,0.6625288194444444,0.3765205778181553
2025-01-24,0.6575982638888889,0.3751245588064194
2025-01-25,0.6541364583333333,0.3728446401655674
2025-01-26,0.6581010416666666,0.3690667785704136
2025-01-27,0.66815625,0.3635157644748688
2025-01-28,0.6637819444444444,0.360510665923357
2025-01-29,0.6690625,0.3595419004559517
2025-01-30,0.6749229166666667,0.3565136529505253
2025-01-31,0.6739274305555555,0.35277435183525085
2025-02-01,0.6673621527777778,0.3506230227649212
2025-02-02,0.6627496527777778,0.34813475236296654
2025-02-03,0.6568169300766283,0.347215473651886
2025-02-04,0.6528163194444445,0.3447520434856415
2025-02-05,0.6501475694444444,0.34586456418037415
2025-02-06,0.647228125,0.3457652702927589
2025-02-07,0.6462986111111111,0.3454732932150364
2025-02-08,0.660171875,0.3493961840867996
2025-02-09,0.6780274305555555,0.3531712293624878
2025-02-10,0.6745322916666666,0.35798206180334086
2025-02-11,0.7152197916666668,0.3579818159341812
2025-02-12,0.7022819444444444,0.3637953884899616
2025-02-13,0.7079496527777778,0.38139789924025536
2025-02-14,0.7317402777777777,0.39022698253393173
2025-02-15,0.7144138888888888,0.3930516168475151
2025-02-16,0.70204375,0.392505332827568
2025-02-17,0.7307510416666666,0.3941612504422664
2025-02-18,0.7325802083333334,0.3973403126001358
2025-02-19,0.7123930555555555,0.3953387178480625
2025-02-20,0.7109399305555555,0.39264898002147675
2025-02-21,0.696578125,0.3912433236837387
2025-02-22,0.6858111111111111,0.3870934136211872
2025-02-23,0.6893138888888889,0.386382807046175
2025-02-24,0.6916702651515152,0.38548727333545685
2025-02-25,0.6965739583333332,0.3853331319987774
2025-02-26,0.6886222222222222,0.38233059644699097
2025-02-27,0.68104375,0.38164862245321274
2025-02-28,0.6918131944444444,0.3814163506031036
2025-03-01,0.7092614583333334,0.3827832527458668
2025-03-02,0.715046875,0.3894469328224659
2025-03-03,0.7084154040404039,0.3903101049363613
2025-03-04,0.6955990550667971,0.3895760849118233
2025-03-05,0.699408218211527,0.3894689120352268
2025-03-06,0.6986993583220262,0.3915225900709629
2025-03-07,0.6854948744281931,0.39021082222461695
2025-03-08,0.6758244460978835,0.3843506686389446
2025-03-09,0.6703754696353782,0.3825712837278843
2025-03-10,0.6641697916666666,0.37957482412457466
2025-03-11,0.6868672732762406,0.38019468262791634
2025-03-12,0.6781423611111111,0.3773806430399418
2025-03-13,0.6850157342657343,0.3773184008896351
2025-03-14,0.6952572916666665,0.3888542465865612
2025-03-15,0.6857565972222222,0.38790763542056084
2025-03-16,0.6761312499999999,0.3862956203520298
2025-03-17,0.6792458333333333,0.3817018903791904
2025-03-18,0.6765746527777778,0.37855797633528704
2025-03-19,0.6747274305555555,0.3739274553954601
2025-03-20,0.6688506944444444,0.3686424158513546
2025-03-21,0.664320486111111,0.3637976534664631
2025-03-22,0.6637861111111111,0.35959248617291445
2025-03-23,0.6730357638888887,0.3563610129058361
2025-03-24,0.6699055555555556,0.3531950265169143
2025-03-25,0.6651454861111111,0.3494607061147689
2025-03-26,0.6639215277777777,0.3480814360082149
2025-03-27,0.6745597222222223,0.34718991816043854
2025-03-28,0.7004336805555555,0.34855429455637926
2025-03-29,0.7178815972222222,0.35399411246180534
2025-03-30,0.7165184027777778,0.3553923554718494
2025-03-31,0.6951482638888888,0.35959894210100174
2025-04-01,0.6960754419191919,0.3652523681521415
2025-04-02,0.6985574293466581,0.36720969527959824
2025-04-03,0.6931506944444445,0.36802661418914795
2025-04-04,0.69275403012685,0.36860839650034904
2025-04-05,0.7102309027777778,0.3671152889728546
2025-04-06,0.7136427083333333,0.3645137809216976
2025-04-07,0.6894288194444445,0.3605281226336956
2025-04-08,0.6792319444444443,0.3585457131266594
2025-04-09,0.678417013888889,0.3575044646859169
2025-04-10,0.6904697916666666,0.3572203405201435
2025-04-11,0.728036111111111,0.3625719211995601
2025-04-12,0.7012104166666667,0.3692176342010498
2025-04-13,0.6849614583333332,0.3697785921394825
2025-04-14,0.6765256944444444,0.36670954525470734
2025-04-15,0.6703783725412014,0.3638668395578861
2025-04-16,0.663775,0.3599116168916225
2025-04-17,0.6605309027777778,0.358182817697525
2025-04-18,0.6669354166666667,0.3611636236310005
2025-04-19,0.6703482638888889,0.3588583879172802
2025-04-20,0.6668465277777778,0.3551398105919361
2025-04-21,0.6641304235537189,0.353578120470047
2025-04-22,0.6593329861111111,0.35163726285099983
2025-04-23,0.6577642764926429,0.34976204484701157
2025-04-24,0.6532541666666667,0.35541258007287974
2025-04-25,0.6587670138888889,0.36347452923655504
2025-04-26,0.6665687499999999,0.3717436268925667
2025-04-27,0.6814979166666666,0.3810537345707416
2025-04-28,0.6949069444444443,0.38509112223982805
2025-04-29,0.6902503472222221,0.3864023946225643
2025-04-30,0.6920847222222222,0.38261243328452105
2025-05-01,0.7008440972222223,0.3842594139277935
2025-05-02,0.6960791666666667,0.38448078185319895
2025-05-03,0.6827013888888889,0.3804433867335319
2025-05-04,0.6777881944444444,0.3787134811282158
2025-05-05,0.6936423611111111,0.3781941682100296
2025-05-06,0.6925996527777778,0.375305138528347
2025-05-07,0.6822545138888889,0.3724532835185528
2025-05-08,0.67448125,0.3707573190331459
2025-05-09,0.6692631944444445,0.3674153462052345
2025-05-10,0.6731940972222221,0.3633049093186855
2025-05-11,0.7083541666666666,0.3604472950100899
2025-05-12,0.7358229166666667,0.35887419432401657
2025-05-13,0.7309083333333335,0.3606640435755253
2025-05-14,0.6973725694444444,0.35836993157863617
2025-05-15,0.6861878472222223,0.35728589817881584
2025-05-16,0.6763352466977466,0.35625723004341125
2025-05-17,0.684048263888889,0.35980098694562906
2025-05-18,0.7156925403225806,0.36551555618643755
2025-05-19,0.6991055316680318,0.37485895305871964
2025-05-20,0.6953472222222221,0.37491824105381966
2025-05-21,0.6975518308080807,0.37174341455101967
2025-05-22,0.6849711805555556,0.36828750371932983
2025-05-23,0.677375,0.36984312534332275
2025-05-24,0.6733555555555556,0.3693649470806122
2025-05-25,0.6714284722222221,0.37107496708631516
2025-05-26,0.6782654671717172,0.37114432454109186
2025-05-27,0.6730116113668329,0.36740077286958694
2025-05-28,0.6708420622036694,0.3624007292091846
2025-05-29,0.6651142361111111,0.3589846193790436
2025-05-30,0.6652694444444445,0.35633738338947296
2025-05-31,0.6869993055555554,0.35708245635032654
2025-06-01,0.6955513024986708,0.356517493724823
2025-06-02,0.6842777521840021,0.3521888256072998
2025-06-03,0.6788854166666667,0.34790402650833124
2025-06-04,0.6967170138888888,0.34654097259044647
2025-06-05,0.7016565972222224,0.34678072482347483
2025-06-06,0.6929687499999998,0.34643737226724625
2025-06-07,0.6904684027777778,0.3457202650606632
2025-06-08,0.6850163194444444,0.3438115380704403
2025-06-09,0.6913715277777778,0.34295304864645004
2025-06-10,0.6831756944444445,0.34773255512118334
2025-06-11,0.6779639003673096,0.34940945729613304
2025-06-12,0.6749167514699231,0.34680434688925743
2025-06-13,0.6812590220385674,0.3466215468943119
2025-06-14,0.6764681186868686,0.3484382778406143
2025-06-15,0.6784261363636364,0.3525306358933448
2025-06-16,0.6888484848484847,0.3584200218319893
2025-06-17,0.6840576388888888,0.356604091823101
2025-06-18,0.6790815972222223,0.35460517928004265
2025-06-19,0.6796614583333332,0.3534231521189212
2025-06-20,0.7202708333333334,0.35140011459589005
2025-06-21,0.7230688131313131,0.34902969375252724
2025-06-22,0.6912704059829059,0.3491844236850738
2025-06-23,0.6804060067892035,0.34540876746177673
2025-06-24,0.6727095959595959,0.34434906393289566
2025-06-25,0.6819645833333334,0.35095246136188507
2025-06-26,0.6800184027777778,0.3555359914898872
2025-06-27,0.6822180555555555,0.36145029217004776
2025-06-28,0.6786989583333334,0.36058777943253517
2025-06-29,0.6772125,0.3569154217839241
2025-06-30,0.6968875000000001,0.35400287806987757
2025-07-01,0.7027753472222222,0.35196768864989275
2025-07-02,0.7234184027777777,0.3534744530916214
2025-07-03,0.7209375000000001,0.35163029283285135
2025-07-04,0.6975538194444445,0.34761497378349304
2025-07-05,0.6884340277777777,0.3455361872911453
2025-07-06,0.6813909722222222,0.34203583002090454
2025-07-07,0.6761510416666667,0.3392538502812385
2025-07-08,0.6723194444444445,0.3375040180981159
2025-07-09,0.7026340277777778,0.33382446691393847
2025-07-10,0.7349375,0.3331553637981414
2025-07-11,0.7333086805555555,0.3327514566481113
2025-07-12,0.7381624999999999,0.3316139876842499
2025-07-13,0.7326309027777778,0.3356929905712604
2025-07-14,0.7017909722222222,0.33532455936074257
2025-07-15,0.6884239583333334,0.33145530149340624
2025-07-16,0.6807187500000002,0.3279235102236271
2025-07-17,0.677553125,0.32459160313010216
2025-07-18,0.6911124999999999,0.32241278514266014
2025-07-19,0.7054288194444445,0.32067061960697174
2025-07-20,0.7086559027777778,0.3192985653877258
2025-07-21,0.6910996527777777,0.3225243389606476
2025-07-22,0.6819659722222222,0.3210632987320423
2025-07-23,0.6780434027777777,0.3201098516583442
2025-07-24,0.6852954861111111,0.31885058060288424
2025-07-25,0.689237058080808,0.31616614013910294
2025-07-26,0.6825765582655826,0.3155891075730323
2025-07-27,0.675995486111111,0.3149303086102009
2025-07-28,0.6718940972222223,0.31376403197646136
2025-07-29,0.6683937500000001,0.3198503330349922
2025-07-30,0.6655145833333334,0.3186938837170601
2025-07-31,0.6645270588235295,0.31728246062994003
2025-08-13,0.6638663194444444,0.31691918894648546
2025-08-14,0.6842430555555554,0.31765298172831535
2025-08-15,0.7098986111111112,0.3172550089657306
2025-08-16,0.714096875,0.32023802399635315
2025-08-17,0.7095944444444445,0.32278506085276604
2025-08-18,0.6930291666666666,0.3277035392820835
2025-08-19,0.6833621527777778,0.32670213654637337
2025-08-20,0.6768687499999999,0.3240498825907707
2025-08-21,0.6725944444444444,0.3206346035003662
2025-08-22,0.6689864583333333,0.3186318725347519
2025-08-23,0.6661885416666665,0.31950272247195244
2025-08-24,0.6657482638888889,0.31907234340906143
2025-08-25,0.6753829861111111,0.3177575133740902
2025-08-26,0.6846371527777777,0.316142063587904
2025-08-27,0.7080093749999999,0.31808969378471375
2025-08-28,0.697495294117647,0.31544410064816475
2025-09-11,0.6715649305555556,0.29852668941020966
2025-09-12,0.6721079861111111,0.2974930517375469
2025-09-13,0.6714513888888889,0.2969071976840496
2025-09-14,0.6712704861111111,0.2919890880584716
2025-09-15,0.669234375,0.2900854162871837
2025-09-16,0.6758298611111112,0.2870836518704891
2025-09-17,0.6889232638888889,0.28805385157465935
2025-09-18,0.6864937500000001,0.28850923851132393
2025-09-19,0.6822131944444444,0.2881065048277378
2025-09-20,0.6786190025252525,0.2934967093169689
2025-09-21,0.6800110473053181,0.2947019450366497
2025-09-22,0.687517470043573,0.2992432489991188
2025-09-23,0.6788977272727272,0.3007160499691963
2025-09-24,0.6732319444444442,0.29774298146367073
2025-09-25,0.6769579861111111,0.30089449137449265
2025-09-26,0.7017125,0.3043770343065262
2025-09-27,0.6972013888888889,0.3017081096768379
2025-09-28,0.6878371527777778,0.29953775927424425
2025-09-29,0.6804166666666667,0.297881368547678
2025-09-30,0.6771164772727273,0.2952904254198074
2025-10-01,0.6732784722222223,0.2976007014513016
2025-10-02,0.6728020833333332,0.29471737518906593
2025-10-03,0.6885854166666666,0.29707565158605576
2025-10-04,0.7025527777777778,0.29993483051657677
2025-10-05,0.6887163194444443,0.2967667132616043
2025-10-06,0.6805423611111112,0.2960975654423237
2025-10-07,0.6751951388888888,0.29677285999059677
2025-10-08,0.6704927083333333,0.2945726551115513
2025-10-09,0.6665336805555555,0.29541905596852297
2025-10-10,0.6909326388888888,0.29851921275258064
2025-10-11,0.7082770833333333,0.30033014342188835
2025-10-12,0.6968099537037037,0.30128730088472366
2025-10-13,0.6941222222222221,0.30531375855207443
2025-10-14,0.6945211805555556,0.31002313271164894
2025-10-15,0.6845953914141414,0.30901065468788147
2025-10-16,0.6763055555555556,0.3061743564903736
2025-10-17,0.6708177083333333,0.30578252300620073
2025-10-18,0.6666645833333333,0.30417573079466814
2025-10-19,0.6642621527777777,0.30306365713477135
2025-10-20,0.6644121527777778,0.3014416135847568
2025-10-21,0.6626684027777777,0.2971993647515773
2025-10-22,0.6607909722222223,0.295619685202837
2025-10-23,0.6591753472222222,0.2958385795354843
2025-10-24,0.6621104166666667,0.29589644074439997
2025-10-25,0.6641135416666667,0.2949858345091343
2025-10-26,0.6667891414141414,0.2933369278907776
2025-10-27,0.684403125,0.29847599353109083
2025-10-28,0.6839027777777777,0.3013850897550583
2025-10-29,0.6995475694444444,0.310628317296505
2025-10-30,0.6994579861111111,0.318440031260252
2025-10-31,0.6949076388888888,0.31773583218455315
2025-11-01,0.6907711805555555,0.3135155774652958
2025-11-02,0.684725,0.3124370574951172
2025-11-03,0.7021878472222223,0.31076603010296816
2025-11-04,0.7246833333333333,0.31559570133686066
2025-11-05,0.7118857638888889,0.32532192766666407
2025-11-06,0.6806621527777779,0.3231615461409092
2025-11-07,0.663590625,0.3208439238369465
2025-11-08,0.6579423611111113,0.31736138463020325
2025-11-09,0.6497166666666667,0.3122406005859375
2025-11-10,0.6589947916666666,0.31063353270292277
2025-11-11,0.6871024305555554,0.3076567128300667
2025-11-12,0.669334375,0.30793076008558273
2025-11-13,0.6575503472222223,0.30595678091049194
2025-11-14,0.655007638888889,0.30450297892093653
2025-11-15,0.6866322916666666,0.30545521154999733
2025-11-16,0.6870847222222224,0.30932528153061867
2025-11-17,0.6870020833333333,0.30963521450757975
2025-11-18,0.6978868055555556,0.31325709819793696
2025-11-19,0.6963677083333334,0.31391964852809906
2025-12-04,0.6875136866856977,0.2914177365601063
2025-12-05,0.6876148076842808,0.2892849072813988
2025-12-06,0.6795675351462531,0.28632042557001114
2025-12-07,0.6846953999454001,0.2837679758667946
2025-12-08,0.6751373659844054,0.2810601405799389
2025-12-09,0.6704078697737686,0.2782181091606617
2025-12-10,0.6754844399881165,0.27575525641441345
2025-12-11,0.6731328914141413,0.27314591035246844
2025-12-12,0.6762364583333332,0.27153749391436577
2025-12-13,0.6742888888888888,0.26892049238085747
2025-12-14,0.6730461805555554,0.2670338116586208
2025-12-15,0.6741055555555555,0.2648652568459511
2025-12-16,0.6729888888888889,0.2613429017364978
2025-12-17,0.6720128472222221,0.26064541935920715
2025-12-18,0.6722093750000001,0.25863806158304214
2026-01-01,0.6655468750000001,0.24293062835931775
2026-01-02,0.6669552083333332,0.24365235492587084
2026-01-03,0.6763652777777778,0.2477116901427507
2026-01-04,0.676696875,0.25563867576420307
2026-01-05,0.6748690972222223,0.26149270310997963
2026-01-06,0.6735663194444445,0.2693309932947158
2026-01-07,0.6725784722222222,0.269808579236269
2026-01-08,0.6713402777777777,0.2678391486406326
2026-01-09,0.6777326388888888,0.2690934389829635
2026-01-10,0.678613888888889,0.2714605741202831
2026-01-11,0.6892243055555556,0.2724842131137848
2026-01-12,0.7100444444444445,0.27978841587901115
2026-01-13,0.7227559027777778,0.2885570712387562
2026-01-14,0.742525,0.29045508056879044
2026-01-15,0.7526704861111111,0.2906139269471168
2026-01-16,0.7430065972222222,0.29207801446318626
2026-01-17,0.7484260416666666,0.29066082090139383
2026-01-18,0.7414138888888889,0.28923190757632256
2026-01-19,0.7290895833333332,0.2879126369953155
2026-01-20,0.729990375695733,0.28704654425382614
2026-01-21,0.7335987495927013,0.29030295833945274
2026-01-22,0.7345631944444444,0.29616410657763476
2026-01-23,0.7339781249999999,0.31486502289772034
2026-01-24,0.729940625,0.3348401300609112
2026-01-25,0.7291736111111112,0.35243838280439377
2026-01-26,0.7296611111111111,0.356768649071455
2026-01-27,0.7264381944444445,0.357937753200531
2026-01-28,0.7564524305555556,0.37330273538827896
2026-01-29,0.7538725694444445,0.3791166134178638
2026-01-30,0.7402815972222223,0.3764745593070984
2026-01-31,0.7438989583333335,0.37407639622688293
2026-02-01,0.7700836805555556,0.372661255300045
2026-02-02,0.7643492424242424,0.38609834760427475
2026-02-03,0.7519350694444444,0.38478345423936844
2026-02-04,0.7206206597222223,0.3818906769156456
2026-02-05,0.7354296085858585,0.37969601899385447
2026-02-06,0.7514767361111112,0.37775208055973053
2026-02-07,0.746425,0.39098530635237694
2026-02-08,0.7410906249999999,0.3933624662458896
2026-02-09,0.7217118055555556,0.3922768794000149
2026-02-10,0.7217034722222223,0.39092735201120377
2026-02-11,0.7092815656565656,0.38747452944517136
2026-02-12,0.7052850378787877,0.38398896902799606
2026-02-13,0.7564840277777778,0.3813337087631225
2026-02-14,0.7503947916666667,0.3790224008262157
2026-02-15,0.7465756944444444,0.3812905326485634
2026-02-16,0.7428427083333334,0.3829431012272834
2026-02-17,0.7480368055555555,0.3879636488854885
2026-02-18,0.7316163194444444,0.38540069758892054
2026-02-19,0.7303961805555554,0.38361831381917
2026-02-20,0.7344947916666666,0.380553737282753
2026-02-21,0.729657638888889,0.37704866752028465
2026-02-22,0.7304913194444443,0.3755420595407486
2026-02-23,0.7508555555555556,0.37733777612447733
2026-02-24,0.7582131944444445,0.38398562371730804
2026-02-25,0.757123263888889,0.3897613957524299
2026-02-26,0.7520148760330578,0.3887293189764022
2026-03-13,0.7463565972222221,0.38078252226114273
2026-03-14,0.7313972222222221,0.3787605203688144
2026-03-15,0.7160244212962964,0.37425472587347025
2026-03-16,0.7184267676767676,0.3689654506742954
2026-03-17,0.718865625,0.3636055886745453
2026-03-18,0.7132062499999998,0.3594813048839569
2026-03-19,0.707553125,0.3555469587445259
2026-03-20,0.7028413194444443,0.35091783478856087
2026-03-21,0.6986354166666666,0.34580717608332634
2026-03-22,0.6860243055555556,0.34224316105246544
2026-03-23,0.692370138888889,0.3398714140057564
2026-03-24,0.6897774305555555,0.3400491513311863
2026-03-25,0.6876503472222223,0.3385262973606586
